Sensor 1,Sensor 2,Sensor 3,Sensor 4,Sensor 5,Sensor 6
511,13282,4348,4526,17488,14816
646,13604,4780,4814,17926,15568
524,12535,4668,4650,17968,14716
320,13524,4605,4640,18126,14738
493,13260,4680,4481,18240,14817
603,13418,4479,4313,18232,14934
522,13228,4473,4420,17564,13929
581,13697,5307,4640,17504,14552
370,13124,4535,4404,17854,14847
1769,13346,4632,4538,17469,13862
1216,13023,4293,4207,16691,15078
522,13357,5446,4507,17745,14841
252,13456,4554,4298,18103,14849
385,13282,3696,3992,18081,14952
757,13748,5153,4289,18662,14708
293,13191,4492,4419,17827,14538
834,13024,4575,4607,17850,14740
591,13596,4888,4585,17906,14482
881,12213,4607,5631,17723,14916
482,13467,4665,4612,17702,14772
612,13700,5332,4607,17915,14929
830,13340,5643,4248,17825,14920
511,13214,4673,4398,18193,14961
590,13364,4555,4359,17705,14474
397,13488,4480,4392,18200,14760
511,13159,4536,4293,18336,14847
407,13391,4714,4961,18209,14556
918,13355,5037,4770,17956,14266
626,13182,4725,4680,17973,14840
309,13147,4299,4373,17919,14968
511,13823,4656,4496,17755,14945
481,13167,4522,4329,18208,14743
639,13433,4732,5095,17933,14772
645,13455,4401,4549,18048,14752
583,13561,5022,4546,16964,14708
500,12812,3710,4606,18181,14880
298,13349,4289,4607,18014,14664
676,13700,4630,4605,17812,14691
730,13648,4424,4041,18072,14493
592,13157,2264,4549,17919,14728
580,12705,4688,4621,17750,14784
927,13366,4794,4644,17208,14719
0,14281,4032,2004,17650,14821
732,13376,4692,4500,17819,14792
11,11834,5423,4406,17698,14781
24,13515,4645,4776,17919,14402
709,13376,5686,4193,17926,14931
677,13626,4845,4420,18052,14543
614,13214,5233,5257,17730,14939
470,13525,4318,4522,18057,14826
736,13803,5009,4800,17878,14112
288,13236,4349,4263,18081,15175
552,13702,4577,4476,17714,14777
576,13401,5185,4463,17540,14601
0,13466,4482,4432,17827,14616
882,13710,4700,4705,17873,14703
283,13128,4428,4293,18019,14861
416,13373,4813,4652,17996,14610
660,13416,4653,4428,17880,14497
725,13688,4868,4607,17847,14654
452,13498,4723,4549,17663,14641
533,13681,4554,4472,17698,14747
125,14032,4551,4350,18193,14847
695,13339,4776,4480,17990,14847
378,14232,4521,4406,17824,14571
536,13423,4656,4458,17710,14914
124,13442,4674,4786,18072,14506
431,13251,4878,5473,18005,15037
576,13348,4624,4462,18012,14261
662,12156,4513,4522,17309,14847
458,13188,4501,4291,17998,14837
552,13482,5365,4607,17287,14788
1170,13449,4632,4752,17855,14223
824,13622,4652,4560,17860,15746
608,13690,4969,4818,18191,14438
283,15168,4883,4282,17842,14843
737,11757,4787,4673,17957,14674
706,13697,4036,4734,17832,14664
559,12864,4607,4607,17482,14847
408,13392,4561,4341,17747,15078
606,13509,4458,4571,17577,14378
665,13326,4388,4228,17787,14614
713,13322,4636,4411,17687,14848
887,14275,4860,4734,17948,15566
479,13483,4643,4897,17884,14975
560,12957,4611,4580,18086,14899
819,14344,4789,4677,17497,14427
560,13082,4522,5138,17698,14775
579,13784,4516,4290,17831,14791
0,13471,5001,5545,17919,14888
1199,13823,4746,4607,17969,14530
458,13588,4728,4517,17587,14068
527,13248,4694,4624,18060,14642
864,13487,3280,4670,18009,15030
438,14441,4542,4511,18091,14597
1065,13379,4726,3797,17927,14568
1074,13278,5377,4296,18045,14884
386,13404,4818,4496,18772,14789
864,12757,4818,4604,17767,13684
854,13618,4702,4693,17946,14461
0,13409,4741,4607,17671,14674
612,13879,4627,4607,18121,14659
940,13425,5181,4241,18815,15589
434,13189,4584,4688,17835,13827
913,13446,4559,4600,18656,14544
732,13694,4869,4624,18132,14611
3327,13772,4301,4258,17919,14856
373,13569,4290,4238,17429,15015
453,13545,4722,4624,18326,14500
962,13268,4450,4524,17515,14732
632,13593,4607,4686,18081,14627
1101,13364,4487,4539,18142,14738
724,13484,4688,4593,17835,14225
664,13510,4597,4541,18017,14689
810,13351,4570,4205,18128,14504
672,13645,4898,4903,17993,14922
811,13481,4584,4457,17813,15061
379,12425,5149,4332,17825,14403
0,13464,4620,4454,17919,14865
983,13679,4754,4764,17919,14263
374,13120,4496,4284,17992,15013
1139,13627,4748,4698,17946,14612
490,13391,4920,4347,18139,14740
803,13174,4667,4607,17896,14731
421,13163,4984,4674,18344,14610
375,13164,4460,4342,18153,15249
648,13149,4702,4623,17795,14585
359,14066,5476,4162,17872,15082
625,12854,4607,4697,17639,14668
493,13357,4656,4895,18105,14674
579,13328,4267,4510,18052,14847
706,13620,4972,4587,18510,14773
233,13070,4607,4515,18065,14733
592,13337,4548,5088,17360,15297
619,13498,5149,4648,17300,14656
442,13084,4564,4472,18222,14820
805,13439,4788,4768,17588,13791
745,12905,3816,4756,17418,14897
468,13346,3332,4170,18128,14906
351,13056,4360,4447,17826,14955
656,13777,4423,4607,17519,14764
692,13719,4315,4720,17802,14365
522,13265,4402,4752,17740,14831
537,13280,5671,4455,18088,14847
511,13279,4537,4384,17990,14936
431,12959,4316,4340,17919,14787
548,13063,4385,4420,18147,14795
687,11824,4968,4873,18299,14589
286,13456,3528,4565,17577,14575
268,13811,4409,4348,17956,15698
642,13504,4634,4155,18052,14804
613,13709,4846,4651,17915,16895
631,13823,4775,4957,17949,14461
561,13337,4411,3998,17848,14736
589,13436,4834,4471,18165,14623
765,13076,4112,4434,18070,14847
757,13329,4332,4836,17987,15110
543,13509,4672,4280,18756,14729
0,13075,3705,4564,17688,14835
1061,13611,4813,4752,17996,14426
0,13313,4418,4408,17804,14853
606,13588,4751,4723,18025,14804
908,14045,5408,4621,17893,14691
0,13427,3606,4714,17904,14723
491,13382,4581,3882,17747,14582
780,13237,4456,4637,18104,14693
461,13380,4548,4602,17702,14964
585,13429,4666,4496,18144,14619
565,12844,4471,4556,18166,14979
740,13401,4522,4650,17835,14754
264,14021,3604,4368,17919,14937
185,13241,4616,4764,17790,14196
759,13893,4156,4223,17791,14905
634,13471,4971,4806,17840,13825
653,13562,4616,4514,17752,14737
714,13236,1348,4568,17851,15274
680,13021,4607,4524,17582,14790
907,13546,4792,4486,18703,14768
559,13124,4790,4607,18943,14612
595,13425,4665,4422,17652,14125
152,13239,4678,4474,17671,14715
504,13394,4607,4544,18216,14785
288,13720,4910,4246,17914,14867
675,13280,5259,3849,17730,14852
433,13396,4607,4383,17853,14650
748,13440,4739,4567,17761,14645
301,13905,4274,4412,17919,14855
522,13040,4454,3682,18102,14786
710,13335,4778,4608,17921,14256
416,13006,4460,4155,18000,14861
667,13602,5068,4516,18014,14755
576,13609,4779,4607,17977,14922
1098,13188,4554,4395,17870,14847
505,12976,4216,4364,17828,14900
795,13320,5945,4930,17330,15040
503,13172,4607,4476,17907,14615
572,13360,4607,3924,18127,14673
735,13347,4549,4608,17448,14610
336,13121,4985,5027,17538,15080
378,13141,5327,4804,17683,14844
370,13396,4421,4261,17963,15196
368,13370,4585,4621,18268,14619
186,13279,4505,5097,17820,14898
832,13250,4477,4825,17902,14426
660,13196,4768,4714,17658,14430
614,13650,4328,4605,17841,14765
682,13262,4956,4808,17919,14798
982,13444,5332,4687,16960,15071
234,13232,3777,4465,18162,14784
705,13506,4780,4780,17684,14400
452,13907,4938,4315,17967,15066
640,13346,4643,4524,18043,14868
320,12725,4462,4329,17827,14381
698,13120,4565,3839,17735,14733
92,13114,4916,4527,17688,14552
714,13562,4804,4607,18198,14646
362,13160,4607,4370,17799,14821
245,13188,4460,4345,17764,13535
460,13028,4462,4341,17919,14229
511,13838,4602,4556,17784,14709
752,13790,4934,4652,17795,14535
409,13316,5037,4458,16794,15811
679,13266,4872,4276,18194,14900
763,13175,4661,4541,17919,14865
511,13616,4592,4471,17837,15456
462,13347,4754,4416,17764,14860
618,13568,4484,4381,18273,14884
672,13426,4307,4346,17777,14847
541,13653,5038,4725,17815,14580
360,13183,3968,4424,18001,15021
171,12994,4416,4160,17952,14775
0,13615,4823,4879,18124,14719
696,13508,4872,4780,17876,14195
529,13115,4632,4374,17642,14784
490,13468,4876,3513,18086,14434
709,13136,4378,4384,17944,14847
729,13069,4335,4381,17944,14724
489,13209,4539,4558,18087,14907
698,12608,4734,4780,17673,14603
656,13393,5032,3876,18033,14606
0,13737,3836,4607,18000,14572
297,13085,4591,4477,18011,14815
552,13613,4607,4352,17826,15156
408,13968,4791,4612,18148,14736
1610,13386,5009,4428,17326,14965
427,13381,4731,2230,18133,14764
488,13504,4427,4366,17669,14847
376,13362,4542,4429,17675,14628
475,13429,4938,4521,17382,14708
127,13333,5339,4314,17800,14516
834,12972,4854,4764,17753,14583
708,13483,4872,4737,18092,14792
381,13209,4543,4400,18072,14719
552,13377,4693,4576,18010,14662
498,13239,4607,4556,18217,14855
624,13120,4457,4487,17932,15071
632,13406,4538,4699,17900,14964
584,13183,4452,4544,17995,14789
587,13540,4820,4738,17872,14231
511,13069,4608,4599,17919,14624
903,13385,4936,4626,17853,14731
858,13920,5001,4672,18098,14957
511,12557,4640,4595,18096,14582
890,13434,4644,4544,17755,13666
166,13165,4536,4805,17825,14897
128,13706,4451,4432,17876,14825
293,13070,4456,4121,18074,14713
801,13772,4950,4728,17938,14740
498,13403,4144,4651,18075,14872
449,13665,4908,4551,17799,14397
588,13486,4801,4586,17668,14678
594,13512,4737,4819,17819,14235
605,13446,4606,4558,17860,14569
788,12441,4748,4657,16682,14008
116,13427,4666,5192,17892,14768
855,13704,5032,4378,18070,14676
724,13695,4496,4453,17816,14716
750,13328,5041,4866,18170,14742
321,13753,4958,4163,17501,14998
932,13162,4544,4844,17947,14684
280,13072,4417,4293,18039,14820
635,13840,4097,4228,17522,15072
435,13562,4792,4510,17661,14772
530,13261,4578,4712,17544,14679
725,13630,4244,4559,17969,14684
513,13051,4532,4004,17876,14847
471,13313,4598,4451,17889,14844
1267,13205,4892,4603,17999,14718
0,13531,4607,4223,18160,15005
476,13359,4765,4719,18005,14603
706,13705,4474,4679,18046,14689
445,13398,3763,4606,18028,14716
400,13238,4548,4944,18535,14905
682,13356,4524,4769,17756,14198
927,14194,4765,4753,17990,14497
764,13462,4793,4874,18068,14223
1106,13496,4636,4860,17815,14847
382,13431,4719,4444,17718,14649
636,13208,5173,4429,16906,14847
532,13386,4733,4520,17637,14644
632,13508,4797,4822,17968,14430
408,13136,4847,4299,17920,15005
371,13186,5613,4301,17588,15240
580,13548,4682,5140,17786,14459
857,13676,4688,4564,17761,14728
478,13149,4522,4434,17837,14841
429,13288,3862,4521,17919,14660
681,13522,4680,4709,18016,14731
576,13508,4846,4144,18012,14541
362,13248,4518,4604,18171,14847
408,13156,4556,4240,17986,15250
533,13517,4648,4537,17725,14836
857,13471,4607,4804,18064,14784
442,12701,4640,4495,17593,13653
431,13364,4607,4444,18328,14593
667,13629,4718,4687,17717,14612
641,13432,4607,4646,18059,14712
511,13127,4442,4507,18451,14830
678,13504,4794,4607,18064,14393
443,13213,4643,3950,18702,14468
658,12648,4527,4426,17919,13396
493,13462,5882,3798,17896,14454
464,13469,4857,4472,18008,14446
766,13528,4726,4518,17875,13048
705,13637,3938,4704,17840,14615
778,13579,4009,4630,18058,14697
534,13823,5291,4734,18141,15366
454,13281,4668,4553,17919,14867
341,13352,4267,4230,17820,15014
474,13265,4602,3922,17655,14640
322,12940,3292,4339,17786,15006
666,13619,4889,4674,18034,15064
518,13434,4792,4805,17919,14642
329,13415,4430,4565,17576,14540
1200,13454,4464,4661,17053,14533
512,12478,4592,4416,18180,15440
774,13565,3612,4842,17946,14642
1319,13256,4516,4324,17840,14833
0,13622,3841,4815,17919,14703
430,13167,4416,4504,17281,14934
511,13127,4329,4269,17772,14915
744,13652,4944,4781,17984,15308
593,13168,4412,4408,18065,14845
511,13219,4049,4146,16870,15048
538,13500,4597,4372,17697,14432
596,13388,4330,4492,18370,14922
441,13120,4016,4433,17573,14861
1229,13532,5097,4778,17941,15239
1,13642,4483,4618,18014,14837
336,14494,6149,4252,17895,14416
112,11968,5664,4111,17841,14993
814,13329,4607,4766,17799,14733
364,13336,4787,4305,18120,14557
755,13355,4550,4413,17722,14680
549,13015,4571,4437,18099,14875
553,13560,4752,4611,17796,14583
436,13206,3551,4135,18073,15318
644,13573,4624,4659,17934,15871
705,13236,4741,4508,17796,14799
536,13736,4606,4712,18844,14709
645,13712,4969,4765,17921,14847
1118,13339,4521,4645,17793,14669
516,13508,3810,4607,17580,14744
926,13676,4581,4522,18285,15193
777,13136,4659,4473,18063,14872
164,13229,4571,4624,17953,13823
514,13230,4607,4562,18191,14948
1136,13636,4698,4770,18138,15034
448,13323,4618,3888,17803,14737
474,13593,4506,4529,17770,14635
656,13581,5032,4829,18336,14744
1256,13257,5145,4318,17729,14728
216,13204,4781,5015,18175,14829
708,13823,4482,4505,18004,14746
307,13973,4245,4251,17979,14807
416,13207,4546,4470,18334,14888
767,13262,4397,4318,17812,14771
511,13510,4624,4441,17727,14690
179,12770,4453,4329,17884,14870
850,14045,5140,4706,18056,14784
312,13142,5030,4953,17774,14954
721,13178,4942,4686,18081,15513
608,13250,5381,4471,17427,14867
576,13428,4590,4607,18059,14923
717,13554,4944,3587,18075,14455
680,13605,4904,4607,18151,14605
673,13670,4037,4683,17919,15259
806,13328,4899,4150,18096,15056
603,13511,4635,4463,17911,14936
1244,13376,4281,4901,18014,14662
533,13717,4700,4565,17684,14445
995,13731,4733,4720,17944,15091
689,13319,4607,4700,17914,14846
720,13413,4467,4955,17919,15052
0,13718,4427,4293,17827,14285
631,13456,4839,4612,17948,14578
0,13378,4446,3900,18167,14859
362,13336,4624,4182,17737,14687
526,13512,4731,4792,17838,14489
458,13788,5121,5184,18009,14787
676,13120,4455,4443,18026,14847
816,12950,4945,4735,18050,14596
1535,13236,4729,4731,17886,14482
939,13342,4861,4620,17550,13888
622,13545,4872,4590,17888,15003
514,13231,4361,4403,17889,14913
912,13453,4801,4823,17961,14742
541,13273,4596,4456,17674,14744
826,13386,4679,4566,17413,13675
1344,13338,5280,4677,17797,14737
525,13456,4602,5073,18347,14708
295,13278,4425,4484,18002,14933
0,13228,4609,4526,17773,14656
230,12951,4608,4457,17543,13818
714,13554,3583,4720,17720,14528
476,13317,4368,4430,16696,14952
572,13580,4855,4173,17919,14196
709,10528,4686,4607,18245,15483
641,13241,5376,4357,17211,14914
682,13615,4821,4697,18139,14500
618,13393,4322,4699,17789,14836
792,14354,4488,4513,18268,15070
410,13360,5357,4430,17189,14784
844,12826,4903,4863,17905,14680
1250,13059,4539,4558,18013,14682
818,13592,4701,4572,18143,14847
329,13133,4518,4328,17797,15255
130,13551,5084,4742,18051,14667
858,13982,4853,4775,17919,14637
804,13411,5224,4752,18112,14688
476,13678,4468,4360,18172,14647
764,13807,4504,4487,18137,15016
321,12832,4319,4255,17790,14850
786,13668,5248,4607,17982,14712
628,13230,4607,4530,18147,14760
1101,13336,4564,3682,18288,14892
576,13400,4918,4717,17800,14529
511,12504,4845,4446,18207,14643
770,12799,5033,4774,17907,14847
743,13400,5032,4820,18181,14646
643,13217,4554,4589,18487,13823
17,13695,4646,4416,17990,14992
356,12246,4447,4396,17833,14714
494,13586,4754,4536,17081,14543
208,13420,4969,4142,18058,15044
550,13621,4902,4604,17919,14558
594,13338,4454,4378,17826,15540
864,13582,4782,4607,17686,14621
781,13515,4995,4613,17814,14519
732,13674,4737,4605,17263,15073
449,13382,4634,4303,17861,14478
347,13677,4969,4265,18356,15114
662,13724,4924,4719,17860,14690
208,13183,4133,4432,17919,14922
906,13526,4919,4609,18313,14890
771,13761,4954,4857,17923,14639
303,13176,4597,4536,18068,14740
707,13541,4661,5147,18025,14804
504,13341,3740,4530,18118,14830
548,14770,5728,4485,18120,14817
320,13279,4706,4597,17994,14823
874,13384,5022,4790,18169,14706
687,13949,4731,4681,17919,14225
852,13682,5092,4629,18025,14674
1249,13490,4479,4577,18043,14601
681,13412,4712,4580,17476,14403
500,13790,4440,4438,17661,14700
0,13097,3790,4494,17714,14830
430,13728,4538,4239,17582,15017
720,13566,4788,4634,17996,14409
511,13571,4724,4542,17673,15176
539,13405,4541,4540,18032,14893
796,13095,4662,4389,16940,14823
770,13626,4891,4781,17948,14626
835,13617,4812,4672,17974,15045
1453,13511,4640,4611,17919,14541
229,12989,4154,4148,17970,14772
685,13490,4756,4698,17898,14385
692,13604,4824,4607,17226,14517
576,13444,4706,4498,17989,14792
426,13181,4534,4540,18216,15085
0,13423,4716,4536,17978,14665
464,13697,4922,4760,18032,14420
511,12448,4688,4733,17919,14839
1058,13186,4462,4350,17751,14869
494,13509,4695,4551,17706,14847
615,13625,4745,4701,17857,14495
730,13647,4885,4673,17924,14721
557,13347,4607,4426,17700,14230
511,12399,4645,3853,17687,14631
595,13355,4607,4581,17955,13823
506,12580,4606,4540,17964,14039
155,12979,4532,4022,18592,14906
877,13249,4700,4528,18015,14568
453,12786,4382,4329,17816,15026
529,13082,4653,4561,18021,14657
602,13601,4768,4467,17919,14489
532,13163,4684,3912,17781,14253
508,13144,4511,4293,17919,14929
919,13512,4347,4743,18078,14695
436,13492,4814,5545,17680,15058
462,13459,4607,4470,18128,14847
1102,13547,4974,4791,18359,14628
515,13131,4588,4516,17542,14676
507,13553,4550,4800,17873,14520
369,12975,4464,3998,17919,14729
449,13272,4563,4579,18096,14474
333,13399,4398,4329,17947,15143
740,13165,4919,4349,18107,15418
592,13165,4495,4291,18006,14932
745,13340,4684,4606,17608,13098
0,12962,4844,4596,17914,13907
764,13744,4862,4694,17836,14477
774,13511,4759,4501,17919,14592
1070,13032,4360,4210,18027,14910
991,13267,4569,4514,18049,14540
342,13711,4424,4203,17919,14958
0,13284,4487,4342,17865,14877
731,13672,4871,4745,17861,14345
572,13776,4411,4446,18107,14596
790,13341,4517,4164,17972,14445
0,13036,2611,4433,17808,14993
511,13230,4442,4371,17734,14721
421,13654,4607,4034,17626,15042
719,13599,3536,4607,17915,14631
530,13442,4806,4600,17919,14703
511,13424,4699,4880,17744,15819
421,13723,4849,4833,17919,13456
510,13480,4607,4575,17629,14713
552,13340,4720,4473,17634,14717
1070,13512,4557,4586,17919,14649
501,13160,4506,4106,18058,14834
943,12746,4698,4678,17681,14564
554,13257,2777,4542,17919,14665
790,13195,4756,4623,17795,14952
3351,13120,4462,4492,17886,14831
564,13415,4790,4733,17765,14615
644,13438,4517,4380,18155,15044
532,13538,4640,4192,18326,14951
549,13713,4560,4442,17837,14825
488,14244,4161,4022,17919,15008
788,13926,4308,4428,18617,14658
502,13480,4829,4698,17739,14454
848,13226,4606,4606,17063,14557
617,13570,4886,4470,17929,14381
448,13228,2762,4523,18195,14776
474,13054,4674,4138,17457,15088
578,13367,4653,4537,18501,14862
0,13414,4826,4631,18155,14419
647,13562,4607,4500,17829,14590
687,13655,4718,4491,18262,14414
364,13362,4925,4728,18016,14218
645,13637,4758,4726,17928,14847
397,13257,4841,4364,17895,15082
388,13029,4381,4251,17834,14890
836,13684,5178,4756,17849,14651
805,13150,4961,4801,18015,15696
712,13620,4950,4692,17779,14725
734,13474,4642,4389,17460,15156
283,13720,4199,4329,17662,15074
596,13228,4528,3990,17947,14604
596,13675,4848,4648,17928,14711
790,13110,4227,4378,17725,14732
632,13613,4954,4713,17901,14604
511,13021,4386,4416,18031,14753
748,13118,4255,4497,17622,14519
372,13140,4783,4343,17810,15098
412,13207,4616,4460,17940,14660
476,13364,4672,4676,18066,14658
482,13124,4720,4558,18434,14847
697,13442,4774,4431,17842,14272
511,13207,4444,3968,17673,14828
465,13225,4631,4434,17999,14013
382,12240,4684,4745,18051,13941
511,13406,4554,4391,17728,14498
729,13411,4617,4442,18144,14290
244,13005,4446,3860,17970,14872
511,13453,4736,4393,17609,14656
670,13352,4863,4928,17855,14888
1627,13284,4482,4521,17843,14685
1345,13693,4623,4689,17905,14848
400,13418,5066,4392,17176,14817
910,13160,4322,4508,18114,14847
511,13564,4012,4690,18674,14419
665,13430,4672,4556,18164,14861
982,13607,4733,4607,17755,14409
839,14159,4286,4349,17901,14811
812,13713,4981,4553,17758,15216
601,13368,4438,4263,17785,14847
729,13482,4737,4691,17885,14433
511,12910,4296,4270,17462,14012
409,13009,4261,4456,17847,14835
511,13290,4555,4490,18143,14945
801,13652,5712,4523,17944,14626
504,13242,4409,4467,18042,14867
580,13472,4441,4808,17908,14453
582,13640,4816,4770,17957,14483
507,12517,4534,4374,18156,15010
562,12076,4607,4449,17543,14642
893,13278,4604,4607,18056,14604
456,13212,4680,4432,18088,14461
413,13034,4520,4508,17618,14739
1866,13171,4564,4497,18086,14749
961,13668,4752,4748,17934,14635
513,13431,4607,4435,18130,14527
205,13104,4446,4499,17886,14945
296,13163,4823,4711,18304,14642
378,13612,4969,4291,17790,15007
688,13468,4844,4811,18106,14495
635,13372,4867,4633,17834,14467
511,13823,4688,4607,17687,14459
0,13518,4640,4607,18040,14902
321,12748,4436,4344,17872,14078
511,13128,4151,4563,17936,14672
832,13208,4861,4803,17890,14556
681,13551,4564,4672,17918,14546
630,13324,4684,4715,18061,14596
511,13249,5009,4483,18170,14722
820,13002,4588,5018,17754,14715
1170,13250,3664,4420,17849,14945
875,13400,4368,4429,17710,14746
937,13446,3934,4224,18125,14753
832,13499,4580,4448,18097,14888
526,12470,3947,4235,17349,15129
653,13425,4928,4744,17768,14813
572,13322,4553,4428,16680,14801
511,13330,4701,4395,17715,14857
688,12785,4789,4626,17903,14665
492,13235,4713,3898,18196,14521
464,13564,4462,4707,17829,14154
437,12956,4283,4160,17908,15185
853,13616,4544,4189,17347,14844
484,13508,4784,4607,17594,13891
0,13339,3073,4330,17728,14984
708,13137,4720,4732,17906,15133
0,13674,4605,4524,18573,14714
505,13452,4751,4604,18173,14664
529,13329,4668,5075,17704,14339
511,13037,4312,4184,18213,15198
323,13742,4628,4266,17996,15035
689,13485,4577,4607,17678,14769
532,13450,4487,4596,17693,14684
387,13676,4470,4353,17761,14008
418,13393,4878,4540,17697,14700
592,13638,4658,4593,18482,14634
0,13183,4607,4754,17232,14717
187,13073,4032,4360,17918,14852
0,13633,4956,4613,17919,14644
677,13074,4432,4442,17928,14660
511,13509,4804,4480,18526,14568
1856,13240,4502,4383,17429,14749
559,13327,4438,4412,17589,14731
0,13586,4648,4908,17935,14713
546,13322,4479,4384,17616,14734
920,13644,4516,4732,17701,14670
649,13376,4534,4401,17461,14751
1452,13320,6011,5044,16888,14971
511,13379,4914,4434,17472,14625
511,13082,4647,4584,18930,14784
485,13641,4580,4464,17672,14476
695,13448,3759,4244,18136,14847
448,13341,4604,4730,17988,14701
552,13498,4551,4277,17719,14846
321,14486,4315,4222,17914,15415
1215,12753,4710,4396,17709,14278
243,12693,4704,4852,17741,14905
544,13516,4560,4469,18173,14920
490,13427,4710,4799,17944,14603
760,13823,4607,4547,18286,14680
131,13565,5431,4376,17825,14940
211,13000,4381,4198,17874,14714
709,13761,4156,4748,17864,14870
592,13198,4947,3780,18031,14665
429,13334,4547,4642,18313,14743
228,13018,4510,4522,18115,14856
443,13210,4501,4446,17085,15185
712,13181,4256,4708,18102,14503
362,13103,4421,4317,17967,14762
580,13440,4872,4589,17433,14517
0,13535,3384,4374,17660,15020
929,13437,4525,4850,17882,14563
292,12760,4223,4250,18200,15027
841,13679,4606,4524,17864,14492
756,13674,4781,4133,17939,14703
650,13676,4851,4754,16857,14850
629,13891,4476,4479,17548,14733
426,13120,4350,4607,17504,14538
564,13042,4447,4303,17960,14612
590,13386,4370,4242,17696,14847
515,13135,4188,4446,17609,14850
699,13723,4721,5164,18079,14637
484,14968,4644,4117,18097,14893
587,13352,4618,4445,18234,14945
419,13013,4613,3418,17912,14846
494,13107,4592,4521,18136,14886
651,13271,5281,4573,17644,14800
235,13462,3930,5468,17844,15119
624,13288,4692,4686,17543,14657
636,13504,4874,4180,17919,14224
548,13219,5013,4800,17862,14949
487,13563,4858,4167,17863,14884
684,13567,4845,4616,17896,14832
226,13232,4606,4439,18065,14721
771,13457,3765,4624,17698,14156
372,13192,4413,4179,18056,15176
514,13120,4607,4654,17919,14532
333,13042,4302,4367,17945,14757
680,13604,4779,4607,17843,14426
929,13546,4780,4628,17998,14240
511,13132,4876,4695,17851,15402
276,12418,4631,4624,17888,14604
528,13492,4787,4950,17792,14386
423,13509,5631,4384,16922,14847
419,13185,4628,3978,18156,14522
23,13183,4828,4385,18222,14837
618,13007,4686,4592,17740,14583
88,12585,4637,3994,17892,14702
420,13233,4373,4229,17806,14831
662,13277,4160,4661,17666,14789
326,13074,1238,4362,17831,14884
439,13214,5288,4548,17912,14672
844,13818,4724,4645,17894,14450
402,13084,3562,4419,17884,14966
377,13028,2804,4334,18142,14829
631,13517,4543,3762,16486,14758
843,13883,4734,4654,17939,15220
0,13147,4526,4566,17597,14716
511,13120,4541,4333,18000,14921
655,13768,4556,4378,18128,14776
488,13461,4861,3353,18236,14486
438,13474,4560,4545,18040,14667
541,13287,4584,4346,17808,14847
933,13146,5194,4607,17418,14639
490,13172,4634,4112,18242,14595
589,13184,5140,4104,16596,15171
511,13391,4537,4332,17696,14064
678,13154,4421,3966,18048,14848
0,13320,4444,4500,17659,14702
672,13559,4641,4664,18380,14126
895,13508,4745,4555,18141,14735
854,13177,4260,4528,17766,14686
510,13657,4507,4453,17727,14593
788,13548,5152,4672,17865,14540
550,13262,4571,4374,17708,14582
454,13376,4829,4280,17919,14348
721,13471,5376,4652,17520,14601
1146,13830,4696,4656,17919,15126
553,12568,4545,4450,18032,14872
639,13156,4466,4237,17980,14814
1530,13397,4607,4576,18180,14664
608,12939,4220,4392,18061,14881
461,13460,4512,4351,17919,15159
511,13635,4296,4707,18037,14775
1412,13068,4552,4641,17615,14575
253,13216,5817,5070,17797,14913
456,13225,4550,4635,17991,14560
991,13124,4479,4601,17965,14463
300,13418,4160,4584,17614,14645
656,13413,4493,4362,17615,14847
0,13146,4465,4458,17544,14819
406,13623,5441,4568,17781,14760
983,13333,4761,4932,17854,15276
602,13525,4517,4289,18079,15257
482,13129,4474,4544,18115,14511
595,13576,4714,4857,17689,13628
589,13080,4344,4402,17984,14946
474,13410,5245,4672,17854,14688
483,13044,4533,3497,18164,14819
832,13627,4816,4628,18820,14738
616,13527,4607,4501,18082,14606
989,13762,4681,4259,17928,14880
705,13790,4844,4654,17919,14396
309,13144,5725,4486,18491,14345
760,13628,4980,4618,17810,14428
511,13212,3556,4044,17948,14847
521,13175,4612,4544,18322,14781
855,13444,4548,4325,17861,14928
18,13281,5128,4416,17719,14664
408,13235,4722,4517,17992,14663
576,13479,4673,4446,17906,14789
616,13248,4357,4429,18255,14761
667,11930,4911,4820,17919,15234
775,13145,4349,4607,17771,14486
1232,13561,3242,4728,17944,15602
448,13424,4570,4606,17120,14465
475,13377,4814,4451,17157,14793
200,13604,3825,4232,17782,14720
619,13265,4378,4332,18152,14986
713,13216,4556,4290,17726,14906
511,13030,4421,4294,17304,13844
721,13672,5067,4717,17964,14789
486,13028,4471,4172,17656,14697
284,13138,4636,4666,17522,14415
640,13414,4849,2921,16987,14867
314,12548,4807,4872,17957,14216
696,13488,4864,4827,18006,14794
581,13446,4877,4971,18104,14576
998,13408,4607,4580,18124,14680
722,13138,4757,4532,18030,14708
478,13357,4667,4427,17668,14484
503,13542,4765,4931,17919,14576
684,13398,4629,4428,17762,14717
767,13178,4484,4612,17836,14525
344,13321,5184,6880,17664,14979
751,13108,4118,4222,17929,14589
515,13144,4180,3600,18078,14910
535,13821,4747,4539,17998,14687
585,13253,4607,4444,17626,14933
478,13822,4359,4458,17644,15007
601,13172,4604,4407,18943,14615
102,14020,4463,4352,17666,14861
1024,13258,4557,4549,18143,14741
481,12938,4546,4517,17682,14738
760,13861,4516,4384,17693,14745
564,12997,4796,4454,16850,14683
733,13644,4562,4638,17887,15729
503,13263,4640,4553,17435,14520
298,13693,4366,4266,18218,15391
511,13505,4810,4159,17999,14441
521,13254,4753,4419,18217,14912
511,13494,4742,4688,17934,15052
663,12672,4357,4374,18090,14879
607,13344,5014,4649,17837,14285
602,13448,4738,4440,17642,14777
498,12474,4618,4374,17449,14868
520,13122,4539,3497,17533,15051
989,13759,5060,4139,18088,14724
453,12984,4488,4479,18807,14847
679,13320,5601,4506,17994,14721
600,13280,4570,4303,18088,14183
710,13397,4517,4376,18052,14921
511,13261,4700,4443,18200,14864
737,13198,4503,4607,18081,14792
600,13451,4607,4509,17523,14558
331,12842,4758,4599,17256,14847
334,13009,4592,4490,18043,14675
420,13602,4500,4362,17491,14857
854,13671,4452,3912,18110,14644
1100,13456,4607,4773,18121,14765
250,13408,3413,5251,17750,14584
720,13216,4863,4776,18022,14568
400,13009,4224,4607,17879,14934
658,13361,5025,4676,17500,14641
473,13135,4336,4544,18069,14842
1032,13463,4388,4270,17975,14772
652,13107,4456,4407,18010,15197
609,13112,4416,4802,17497,14837
416,13039,4282,4386,18026,14927
1535,13141,4703,4822,17923,14984
893,14002,4849,4551,18020,14550
530,13465,4648,4458,17998,14680
506,13445,4794,4630,18263,14617
631,13463,4029,4234,17834,14368
673,13425,4298,4691,17972,15108
913,13152,4676,4398,16995,14996
454,13337,4600,4440,18039,14541
349,13184,4231,4482,18030,14774
490,13520,4486,4597,17694,14784
347,13363,2938,4462,18118,15509
452,12013,4217,4211,17919,15024
691,13601,4792,4566,17964,15126
733,13332,4706,4042,17845,14481
483,13354,4586,4431,17755,14908
511,13029,4632,4706,18433,14895
0,12848,5541,4347,17857,14877
608,13012,4475,4187,17658,14925
576,13510,4965,4522,17783,14573
674,13431,5072,5156,17910,14953
511,13268,4599,4403,17767,15136
266,13728,4846,4929,17919,14698
551,13353,4556,4539,17658,14591
570,13448,4585,4512,18503,14709
473,13053,4605,3630,17662,14554
442,13397,4269,4676,18084,14698
635,13479,4201,4676,18294,14881
1939,13709,4295,4346,17615,14992
865,13568,4909,4779,18007,14591
361,13397,4648,4495,17954,14383
406,12948,4386,4353,17816,14979
742,13862,4686,4589,17861,14467
423,12894,4258,4453,17919,14341
680,13438,4607,4607,17728,14275
289,12718,4486,4429,17814,14847
0,13099,4554,3583,17776,14847
296,13348,4731,4795,17874,14358
536,13223,4701,4439,17960,14736
244,13343,4640,4446,17690,14703
332,13224,3641,4475,17685,14737
604,13330,4515,4546,18100,14809
287,12797,4477,4943,17736,14785
745,13252,5257,4511,17833,14865
202,13060,4560,3579,17840,14545
312,13120,4552,4542,17546,14489
246,13282,3432,4388,17919,14862
477,13226,5230,4647,17919,14905
720,13865,4776,4644,17919,14634
705,13176,4500,3799,18491,14840
348,13148,4241,4441,18028,14774
442,13049,4720,4607,17919,14490
1160,13221,4776,4460,18057,14636
456,13248,4904,4612,18030,14681
511,13402,4706,4570,18072,14611
410,13225,4508,4922,18001,14736
166,13807,4430,4365,18258,14933
511,13027,4569,4533,18113,14795
541,13527,3925,4688,17897,14528
0,14436,4497,4364,17648,14666
518,13029,4396,3929,17532,14680
0,13091,4391,4229,17896,14763
576,13198,4598,3479,17927,14847
800,13534,4880,4646,17915,15456
727,13333,4876,4430,17700,14665
870,13489,4965,4558,17887,14351
351,13248,4619,4613,17564,14847
532,13409,4607,4452,17692,14388
400,13237,4536,4485,18023,14002
465,12821,4604,4590,17903,14463
561,13040,4755,3398,17777,14337
762,13614,5066,4650,17832,13403
402,12034,4620,4634,18059,14641
1132,13103,4449,4596,17933,14550
545,12736,4794,4582,17474,14684
756,13410,4678,4574,17726,14395
600,13064,4606,4372,18003,14774
448,13701,4789,4705,17931,14586
654,13691,4772,4590,17919,14294
879,12483,4618,4800,17776,14846
770,13421,4792,4490,17896,14687
266,13912,4399,4286,17773,14869
0,14229,4591,3912,17724,14685
1572,13242,4607,4353,17764,14816
512,13264,4568,4705,17554,14815
592,13276,4608,4688,17919,14759
82,12795,4607,4298,17680,14939
264,13051,4467,3825,17982,14815
595,13512,4741,4479,18464,14890
729,13668,4741,4607,17736,14847
494,13339,4928,4172,16840,14883
509,13225,4832,4468,17932,14725
752,12816,4880,4784,17743,14611
731,13347,4823,4553,17723,14516
621,13102,4928,4352,17530,14965
645,12868,4328,3447,17728,14517
450,12960,4479,4205,18281,15252
288,12980,4329,4457,18699,14965
576,13266,4533,4545,18045,14556
803,13450,4225,4501,17793,14563
149,13077,4503,4334,17870,13819
448,12718,4366,4418,17420,14912
627,13327,4958,4660,17741,14427
836,13426,4834,4838,17824,14822
449,13271,4722,3570,18089,14536
886,13245,4408,4371,18103,14790
351,13120,4675,4530,17448,14892
523,13366,4826,4608,18253,14390
511,13405,4642,4955,17769,14728
460,13234,4859,3477,17960,14433
524,12660,4452,4351,17870,14999
497,13398,4607,4473,17672,15232
661,13566,4656,4628,17850,15117
234,13409,5264,4607,17105,14501
686,13562,4865,4769,17794,15121
1360,13656,5334,4849,17919,15014
551,13550,5149,4580,17615,14492
544,13257,4422,4526,17926,14778
584,13660,4403,4401,18034,14893
513,13179,4952,4762,17929,14847
280,13253,4691,4607,17707,14700
390,12881,4194,4247,17642,15132
968,13167,4368,4402,17704,14617
633,13142,4427,4508,17672,14475
428,13012,4548,3649,17726,14744
745,13216,4556,4802,17809,14660
766,13082,4722,4628,17900,14735
658,13320,3760,4704,17789,15050
560,13360,4742,4478,18161,14662
615,13593,4765,4477,18448,14650
425,12313,4517,4518,17856,14762
926,13501,5040,4656,17735,14491
292,13386,5024,4114,17876,15045
784,13395,4693,4530,17745,14831
622,13677,4651,4565,17695,14550
395,13221,4358,3499,16940,15106
386,12480,4444,4344,18205,14656
565,13174,4607,4461,17587,14682
534,13650,4544,4742,17963,14572
1472,13324,4607,4404,17744,14742
693,13684,4789,4566,17919,14752
456,13341,4704,4662,18277,14756
314,13689,4269,4216,17925,14847
283,13631,4368,4473,17864,15043
661,13597,3804,4634,18340,14421
514,13036,4249,4179,18218,14847
660,13387,4606,3928,18275,14795
867,13192,4451,5060,17839,15019
368,13370,4636,4607,18242,14469
888,13158,4821,4629,17919,14678
511,13012,3583,4376,17924,14869
468,13957,4296,4322,17621,14926
498,13176,4327,4652,17750,14781
404,13021,4315,3897,17952,14866
0,12144,4615,4666,17938,13928
688,13571,5211,4623,17953,14678
520,12994,4312,4425,17581,14720
73,12948,4629,5098,17911,14944
355,13112,4358,4117,18004,15094
844,14126,4366,4328,18086,14689
511,12928,4371,4268,17696,14362
516,13317,4549,4416,17619,14692
706,12810,4592,4598,17864,14779
379,13533,3666,4499,18071,14868
852,13829,4776,4677,18010,14463
816,13398,4737,4545,17832,14537
511,13722,4485,4394,17648,14656
481,13257,4328,4478,17474,14644
878,13060,4525,4771,17919,14645
0,13374,3417,3440,17877,14956
565,13042,4607,4519,18464,14795
857,13318,4505,4536,18092,14562
0,13785,4600,4444,17608,14720
427,13398,4726,4419,17630,14534
343,13239,4525,4482,17463,14918
511,13314,4475,4320,17428,14727
832,13433,4778,4861,17756,14556
584,13448,4662,4433,17526,13974
179,13192,4968,4248,17667,15029
904,13881,4632,4618,17912,14897
511,13196,4354,4160,18017,15119
219,13102,4601,4367,17706,14365
487,13069,4593,3186,18471,14825
511,12964,4418,4478,17712,14818
608,13253,4540,4442,18127,14800
670,13081,4880,4396,17451,14799
201,13225,5598,4291,17798,14950
395,13059,4772,4567,18212,14847
715,13402,4475,4728,17944,14689
513,13188,4233,4322,18068,14885
722,13883,4658,4634,17921,14569
643,13598,4617,4625,17768,14359
612,13688,4797,4577,17963,14627
186,12697,4724,5089,17758,14904
627,13336,3583,4222,18145,15046
485,12901,4607,3957,18104,14677
565,13583,4492,4749,17816,15785
824,13529,4962,4608,17796,14422
607,13026,4576,4492,17888,14244
145,13774,4461,4281,18264,14917
281,13333,4538,4517,17746,14516
603,13906,4626,4469,17996,14590
714,13074,4352,4352,18126,14814
440,13073,4531,4432,17922,15017
511,12994,4544,3996,17900,14842
577,13558,4915,4718,17763,14612
608,13373,5190,4121,18000,14504
367,13264,4683,4454,17683,14605
613,13521,4873,4607,17875,14380
1449,13324,4607,4968,17876,14890
807,13036,4792,4729,18229,14590
80,13065,4319,4428,17753,15707
887,13353,4673,5138,17799,14847
940,11894,4438,4330,17655,14889
767,13244,4444,4688,17988,14601
338,13162,4590,4244,17477,14945
0,12835,4978,4432,17068,14788
1348,13221,4821,4001,17847,14764
949,13183,4750,4519,18039,14777
686,13147,4741,4525,17978,14418
506,13248,5549,4467,17236,14676
1194,13583,4819,4215,18038,15183
565,13426,4606,4526,17728,14808
843,13466,3512,4778,17865,14783
877,13314,4918,6237,17934,14752
793,12949,4680,4682,17958,14741
541,13272,4534,4594,18140,14593
368,13276,4638,4435,17833,14670
852,13449,5154,4717,17496,14938
535,13254,4640,4503,17964,14914
382,13289,4694,4599,18161,14564
236,13414,5568,3923,17488,14701
960,13440,4681,4721,17797,14408
566,13140,4604,4580,17758,14668
824,13452,4608,4463,17702,14728
726,12849,4612,4580,18566,14688
475,12681,4607,4587,17721,14847
511,13392,4460,4290,18130,14847
490,13192,4814,4432,17888,14606
1359,13128,4445,5460,17761,14213
748,12752,4682,4610,18085,15276
232,12995,4992,4330,18130,14888
747,13497,3706,4842,17898,14712
704,13518,4180,4805,17856,14823
365,11969,4393,4508,18002,14770
794,13559,4607,4735,17750,14777
374,13280,4714,4525,17962,14680
432,13180,4524,3846,17919,14737
500,13226,4476,4461,18748,14588
390,13244,4556,4446,18336,14847
576,13268,4258,4300,17899,14877
324,13188,4456,4428,17862,15077
249,13823,3112,4301,17831,15005
106,13875,3977,4250,17692,14853
580,13865,4688,4569,17925,14347
1131,13145,4364,4443,18067,14571
666,13240,4750,3653,17854,14371
601,13448,4738,4625,17890,14390
1479,13399,5200,4607,17782,14764
562,13478,4951,4460,17736,14368
539,12819,4330,4459,17829,14791
378,13516,4764,4596,18565,14593
270,13410,5585,4450,17800,14662
813,13911,4562,4607,17643,15133
848,13008,4645,4437,17738,14593
734,13568,4871,4667,17774,14103
815,13578,4754,4607,17928,14374
284,13402,4495,4432,17660,14628
614,13161,4704,4607,18359,14663
704,13544,4784,4916,17686,14779
331,13085,4500,4496,18122,14883
953,13481,4768,4687,17953,14476
1312,13101,4318,4520,17557,14671
377,13050,4532,4422,18498,14894
738,13623,4052,4544,17916,14569
746,13120,4228,4144,17980,14899
320,13392,4607,4544,17771,14847
0,13202,4284,4837,17758,14998
747,13603,5907,4735,17942,15364
960,13144,4485,3856,17853,14766
599,13490,4772,4657,17845,14516
289,13881,5351,4192,17745,14982
646,12648,4445,4419,17585,14829
0,13216,4759,3779,18344,14576
510,13272,4569,4403,18185,15091
451,13046,4620,4452,17716,14853
611,13319,4592,4452,18074,14724
554,13561,511,4584,17743,14582
817,13559,4871,4425,17748,13765
16,13633,4734,4245,18130,14682
722,13001,4245,4771,17243,14697
706,13573,4387,4139,18102,14922
622,13431,3837,4695,17919,14638
0,13545,4756,4539,17795,14179
511,13334,4616,4490,18123,14768
458,13044,4664,4653,18180,14710
448,12771,4716,4607,17638,14751
0,14038,3214,4548,18475,14476
245,13110,4607,4540,17291,14784
430,13519,2940,4276,17909,14856
0,13138,4607,4547,17701,14792
293,12927,4392,4288,17919,14898
938,13272,4268,4293,17774,14883
862,13661,4775,4607,17518,15459
442,12929,4684,4220,17844,15032
629,13379,4656,4271,17908,15030
659,13273,4767,4452,17317,15045
617,13566,4936,4771,17919,15561
537,13153,3794,4235,17845,14925
567,13140,4854,4459,17919,14847
287,13226,4529,4476,17669,14590
487,12990,4146,4477,17985,14623
587,13396,4607,4546,18123,14728
18,13390,4639,3847,17839,14728
752,13448,4503,5300,17825,14856
0,14136,3805,4552,17558,14698
863,13632,4753,4492,17950,14766
500,12992,4283,5631,17862,14988
711,13605,4633,4523,17879,15044
882,13139,4297,4035,17919,14774
234,13706,4182,4299,17818,15022
331,13077,3754,4272,17914,14912
708,13286,4480,4498,17717,14540
732,13238,4340,4396,18091,14824
608,13409,4398,4189,17776,14808
511,13032,4510,4491,17943,14756
697,13592,4917,4736,18051,14341
157,13635,4944,4643,17977,14636
32,13534,4728,4508,17634,14408
868,13270,4566,4970,17730,14649
758,13772,4895,4654,17985,15590
783,13401,4522,4596,17919,14743
220,13405,4664,4734,17961,14544
664,12904,4415,4318,19500,15292
591,12669,4388,4828,17933,14637
973,13028,4607,3860,17838,14642
668,13772,4589,4468,17722,14622
429,13971,4402,4205,18002,15108
515,13130,4458,4830,17986,14848
629,13094,4562,4189,17631,14469
448,13244,4607,4516,18020,14802
688,14038,4783,4654,17933,14688
215,13179,4607,4532,17879,14520
566,13100,4478,4376,17798,14686
511,12637,4513,4445,17917,14954
508,13185,4686,4144,18597,14847
228,13079,4576,4411,17296,14844
255,13467,4361,4129,17919,14825
511,13252,4572,4599,17596,14752
524,13561,4571,4400,17697,14957
454,13823,4594,3412,18477,14453
848,13201,3588,4619,17736,14847
377,13013,4529,4528,17840,14738
492,13697,3934,4595,17591,14829
590,13524,4916,4649,18138,14634
195,14142,4468,4230,17466,14939
454,13760,3478,4060,17886,14840
727,13577,4624,4547,17696,14587
763,13526,4660,4140,17688,14738
1143,13131,4498,4503,17823,14836
341,13843,4212,4122,17919,14910
481,13047,4469,4431,18084,14847
597,13432,4722,3999,18186,14602
570,13456,4898,4741,18108,14452
642,13492,4593,5953,18178,15240
0,13399,4748,4500,18132,14564
1048,13484,5136,4700,17919,14421
557,13466,4888,4646,18558,14644
581,13592,4421,4449,18154,14847
320,12913,4307,4104,17735,13657
640,13282,4615,4368,17768,14735
834,13635,4927,4692,18048,14858
243,13154,4537,5252,18048,14717
504,13562,4663,4510,18131,14713
728,13552,4912,4672,17919,14295
456,12856,4535,4180,17912,15108
475,13185,4872,4760,17791,14857
544,12784,4337,4608,17975,14770
858,13728,4587,4607,17775,14880
804,13741,4636,4446,17705,14380
747,13410,4924,4560,17681,14222
437,13204,4336,4037,17796,15266
429,12992,4531,4512,18087,14631
472,13444,4924,4633,18592,14517
528,13383,4735,4654,17906,14568
732,13403,4933,4502,17692,14488
415,13046,4424,3981,18056,14847
586,13978,4452,4542,17568,14593
607,13534,5541,4606,17658,14464
788,12817,3258,4870,17907,14777
74,13946,4493,4514,17662,14694
1046,13021,4520,4240,17784,14525
464,13177,4562,4571,17967,14753
804,13285,4879,4720,17919,13250
67,12994,4605,4283,18357,14813
592,13479,4346,4563,17638,14731
128,13312,5062,4893,17749,14901
1090,13874,4632,4550,18380,14573
858,13040,4348,4412,17920,14650
621,13521,4464,4427,18198,14847
360,13239,4773,4605,18289,14426
444,13188,4586,4426,17686,14746
710,13548,4974,4645,17859,14454
529,13693,3817,4781,17893,15660
589,13566,4720,4736,18177,14188
139,13351,4688,4355,17893,14218
981,13416,4607,4664,18600,14533
416,13849,4448,4350,17825,14692
0,13082,3343,4198,17808,14807
645,13467,4607,4293,18152,14544
767,13218,4894,4358,17815,14906
0,13104,3582,4476,17809,14570
478,13196,4582,5200,18192,15871
601,13567,4501,3885,18256,14820
463,13438,4839,4674,17744,14480
721,13791,4469,4445,18112,14754
511,12841,4551,4536,17975,14744
449,13049,4564,4659,18457,14697
248,13040,4607,4525,18368,14679
738,13512,3583,4124,17621,14768
375,13115,4490,4824,18152,14847
65,13552,5601,4305,17657,14646
913,13272,4300,4669,17911,14625
164,13200,4372,4525,17620,14801
1379,13212,4366,4529,17517,14635
347,13020,4439,4543,18042,14853
788,13540,4540,4366,17952,14650
435,12984,4232,4198,17919,14826
472,13045,4327,4412,18112,14771
481,13336,4407,4265,18081,14946
711,13391,4702,4327,17569,14726
168,13262,5330,4231,17862,14949
681,13337,4590,4141,18160,15113
858,13462,4673,4680,17844,14240
679,13210,3466,5064,17803,14607
698,13792,4814,4838,17884,15207
314,13123,4471,4607,18039,14560
0,13198,4777,4661,17892,14972
552,13103,4281,4550,17919,14634
511,13594,4423,4276,17919,15019
456,13243,4566,4319,18150,14875
499,13377,4643,4432,17686,14677
68,13190,4558,4317,17848,14696
461,13449,5584,4137,17916,14847
745,13444,3890,4775,18104,14760
578,13184,4822,4656,17790,14377
669,13412,4811,4396,17640,14940
694,13124,4861,4641,17689,13773
635,13071,4824,4614,17776,14580
692,13421,4765,3556,17894,14278
768,13483,4932,4576,18253,14402
548,13443,5230,4517,17850,14700
0,13067,4618,4476,17600,14632
337,13453,4710,4522,17638,14520
496,13178,5943,4345,17985,14883
278,13391,4609,4500,18077,14796
511,13624,4291,4589,18724,14481
626,13010,4360,4337,18283,14416
941,13601,4812,4655,17890,14494
376,12960,4360,4130,17988,14887
817,13426,4812,4695,17996,14522
511,13126,4604,4368,17732,14977
430,13067,4325,3648,18004,14848
700,13195,4580,4327,17943,14114
146,12964,4484,4336,18541,14769
701,12799,4917,4760,18012,14747
232,13321,5271,4972,17877,14847
858,13552,4638,4715,17919,14579
594,12968,4551,4412,18290,14901
629,13193,4607,3557,17791,14591
455,13749,4440,4278,17704,14982
673,13493,4933,4607,18167,15586
595,13206,4605,3583,17745,15068
514,12898,4366,4248,17916,14670
326,13537,4267,4216,17719,15620
510,13207,4336,3827,18046,14952
934,14244,4703,4729,17919,15083
0,13836,4493,4396,17545,14743
797,13617,4800,4535,17939,14539
433,13030,4601,4465,18690,14859
244,13260,4641,4537,17508,14381
527,13212,4602,4365,17678,14635
690,13604,4626,4471,18943,14712
734,13672,3956,4729,17916,14608
566,13174,4607,4815,17600,15054
417,13136,4773,4353,18045,14021
834,13128,4527,4429,18112,14569
708,13151,4575,5037,17700,14929
466,13249,3250,4357,17791,14942
256,13066,4607,4490,18565,14656
511,13217,4342,4232,17821,14955
252,12960,4911,4224,17354,14847
1495,13225,4816,4604,17762,14583
411,12923,3922,4230,17947,14976
615,13177,4571,4448,17332,14746
645,13108,4958,4744,18387,14400
676,13458,4604,4807,17974,14635
449,13386,4570,4480,18044,14847
238,12976,4519,4417,18642,14847
231,14176,4389,4184,17938,14674
511,12667,4638,4609,17672,15012
587,13532,4708,4644,17864,14560
531,13251,4699,3214,18281,14672
403,13248,4948,3488,18629,14639
629,13391,4980,4507,17840,14967
464,13669,4688,4592,17813,14512
228,13201,4652,4607,17955,14634
664,13323,4716,4682,18305,14466
532,13149,4240,4168,17813,14884
724,13401,4814,4630,17777,14568
493,13512,4591,4529,17654,13727
756,13469,4578,4368,17596,14846
316,13852,4470,4261,17896,14870
1362,13328,4364,4468,18111,14665
243,13141,4656,4596,18525,14699
535,13324,4521,4380,17487,14848
492,13399,4755,3923,17648,14533
898,13121,4630,4616,17272,15473
600,13394,4690,4513,18081,11378
480,12986,4335,4147,17789,14828
570,13424,4852,4626,18693,14514
708,13439,4911,4595,18235,14563
1432,12698,4513,5630,17431,14965
611,12867,4607,4607,17958,14837
46,13534,2980,4165,17686,14594
661,13502,4955,4560,17680,14518
469,13284,4640,4457,17728,14138
540,12374,4573,4433,17643,14844
784,13377,4575,3325,17862,14642
602,13229,4596,4593,18082,14685
861,13214,4744,4680,18085,14477
511,13224,4377,4300,16903,14979
428,12911,4620,4498,17646,14457
743,13567,4809,4626,17918,15761
932,13193,4892,5399,18030,14788
698,12562,4256,4384,17617,14767
465,13232,4647,4489,17972,14671
260,12827,2834,3929,17767,15005
259,13016,4458,4322,18139,14877
561,13131,4828,4770,18283,15544
433,13101,3604,4432,17767,15022
782,13548,4880,4605,18019,15409
583,13164,4372,4906,18017,14847
620,13501,4512,4730,18017,14388
572,13559,3828,4551,17784,14186
757,13185,4720,4700,17921,15033
511,12315,4598,4401,17770,14916
0,13445,4633,4543,17554,14488
556,13186,4814,4758,17590,15117
619,13127,4206,4360,18100,14796
160,12920,4405,4428,17663,14727
681,13552,4967,4607,17912,14432
638,13174,4630,3521,17900,14833
542,13340,5088,4233,17898,14832
618,13248,3560,4538,17548,14564
100,13465,5074,4288,17765,14740
600,13237,4784,4240,17616,14876
407,13288,4197,4316,17700,14934
623,13181,4462,4052,17919,14912
381,13348,4697,3776,17281,14514
197,13107,4605,5875,17883,14959
893,13280,4488,4508,18030,14626
807,13377,4483,4304,17887,14936
826,13823,4775,4581,17885,15434
874,13477,4673,4506,17917,14390
858,13256,4728,4628,17765,14586
528,12924,4321,4483,18010,14707
842,13218,4539,4598,18089,14556
256,12967,4533,4525,17635,14830
1077,13580,4726,4766,17957,14459
561,13398,4784,4535,18006,15136
616,13498,4336,4456,18287,14786
674,13164,4375,4486,17919,14867
344,12799,4253,3721,17803,14865
401,13057,4554,5466,17648,15007
501,12977,3780,4106,17812,14928
225,13055,4336,4238,17944,14659
1088,13389,4355,4414,18208,14790
960,13153,4470,4551,18130,14545
274,13176,4456,4837,17984,15020
510,12954,4426,4324,18128,14740
462,13117,4617,4621,18511,14843
448,13715,4444,3926,17919,15003
0,13612,4376,4748,18001,14365
587,13029,4659,4600,17824,14527
779,13430,4646,4533,17839,15858
714,13358,5478,4526,17919,13854
685,12873,4855,4694,17884,15244
658,13404,4517,4986,18057,14806
301,13138,4770,4335,17988,14706
662,13596,4437,4124,17676,14832
688,12848,3465,4276,17799,14870
672,13351,4532,4191,17978,14770
953,13500,4701,4747,17954,14496
114,12783,4268,4368,17871,14904
650,13248,4474,4338,18014,15076
898,12680,4555,3676,18388,14591
727,13430,4248,4890,17978,13823
332,13158,4717,4497,17893,14384
1454,13325,3216,4499,17813,15148
378,13216,4508,4492,17761,14591
751,13546,4584,4605,17880,14760
396,13223,4696,4544,18629,14628
618,13458,4608,4581,18043,14850
511,13275,4405,4258,17706,14821
511,13596,4831,4607,17682,14411
536,13339,4631,4166,17764,14753
411,13492,4434,4346,17719,14658
548,13312,4537,4606,18139,14652
673,13713,4507,4405,18056,14600
511,13248,4607,4400,17958,14219
522,13146,4567,3945,17714,14608
448,13424,4660,4299,17710,15001
511,13540,4665,5534,18138,14456
336,12962,4482,4397,18175,15784
658,13462,4607,4607,17808,13971
0,12978,4516,4375,17870,14740
746,13586,3771,4708,17760,14888
475,13241,4489,4642,17856,14400
866,13023,4579,4723,17204,15086
308,12997,4482,4406,17829,14715
568,13421,4780,4443,17726,14805
528,13001,4382,4372,17684,14376
469,12616,4200,4195,17665,14221
434,13186,4707,4260,17930,14877
835,13496,4911,4168,17902,14909
919,13044,4314,4449,18166,14605
320,13054,4523,4770,17664,14084
671,13568,4774,4594,17960,13868
762,13092,4848,4668,17872,15560
652,13664,4616,4650,17702,14536
654,13472,4700,4416,16704,14695
499,12948,4229,5064,17705,14357
950,13206,4777,4486,18176,14879
600,13045,4553,4361,17695,15031
210,13046,4597,4372,17919,14812
348,13331,4468,4488,17534,14587
590,14217,4210,4279,17919,14764
894,12992,3543,4140,18097,14575
585,13236,4707,4289,18761,14784
619,12989,4573,4385,17544,14662
791,13617,4772,4875,17989,14763
728,13697,4782,4650,17967,14743
514,13241,4497,4330,16367,14800
732,13216,4517,4672,17515,14529
275,13201,5631,3309,17982,14894
511,13364,4607,4189,17876,14819
381,12971,4499,3034,18154,14893
394,13072,5323,4519,17504,14627
704,12887,4743,4546,17826,14529
1449,13880,4607,4396,17588,14922
452,13089,4491,4274,17839,14648
804,13322,4408,4428,18050,14949
683,13619,4601,4455,17700,15133
590,13475,5041,4845,18012,14696
566,13312,4605,4450,18156,14829
786,13241,4702,4368,17888,14166
656,13261,4462,4368,18609,14965
1073,13800,5054,4790,17828,14226
799,13535,5127,4470,17736,14592
756,13444,5630,4596,17067,14424
277,13010,4607,4429,17919,14999
462,13033,4522,4368,18177,14847
1643,13488,4745,4505,18569,14502
509,12996,5066,4471,17626,14217
858,13571,4816,4490,17860,14543
433,13187,4477,4453,17685,14560
359,12865,4271,3875,17817,14847
457,13377,3745,4688,17973,14526
436,12977,4467,3523,18043,14772
458,13120,4656,3547,18447,14710
727,13471,4684,4467,17966,13261
678,13166,4176,4548,17739,14670
548,13254,4781,4652,17700,14932
411,13898,4439,4282,17817,14913
448,12365,4554,4422,17898,14847
784,13480,4786,5497,17800,14464
179,13409,3835,4507,17737,14399
560,13398,4607,4607,18071,14847
612,13472,4948,4575,17781,14410
659,12864,4802,4708,17759,15249
385,13635,4304,4184,16924,14979
286,13365,4051,4607,17540,14569
0,13138,4475,4278,17882,13783
0,13020,4411,4445,17784,14600
251,12872,4304,4331,17884,14702
581,13186,4721,4302,18077,14432
1027,13101,4550,4419,17622,14287
0,13238,4052,4247,17509,14610
654,13521,4788,4537,17919,14588
834,13382,4598,5172,17752,15224
881,13856,4773,4730,17886,14658
515,13380,4808,4401,18962,14694
608,13544,4607,4517,17665,14714
547,13161,4668,4156,17865,15558
600,13178,4363,4309,16937,14868
616,13455,4597,4433,17918,14898
618,13581,4638,4314,17622,13993
516,13096,4882,4682,17376,14845
836,13012,5437,4771,17792,14494
584,13279,4538,4621,18003,14627
124,12898,4059,4350,17904,14803
528,13135,4676,4400,17561,14710
595,13320,4409,4297,18059,14041
886,13609,4603,4545,17927,14453
280,13127,4687,5497,18186,14920
519,13016,4643,4374,17528,14567
514,13278,4649,4369,17567,14527
515,13744,4307,4346,17843,14847
439,13215,4683,4045,18070,14693
890,13338,4108,4479,17952,14768
826,13313,4540,4618,17790,15300
648,13464,3707,4651,17697,14283
335,13728,4284,3892,17919,14771
778,13344,3639,4602,17428,15076
626,13472,3913,4607,17766,14532
432,13249,4607,4380,17687,14581
477,13205,4939,4402,17607,14836
1182,13687,4762,4489,18057,15538
410,13077,4454,4525,17653,14633
581,13218,4511,4108,17321,14953
398,13392,4891,4733,17933,14376
437,12960,3866,4440,17605,14521
809,13397,4106,4885,17958,14624
598,13312,4894,4161,17710,14366
686,13552,4694,5034,17848,15639
655,13632,4903,4736,17655,13292
738,13186,4329,4733,17846,14480
576,13038,4377,4479,17620,14772
704,13008,4280,4288,17900,14844
822,12927,4288,4533,18038,14429
570,13354,4639,4411,17684,14706
697,13458,4860,4687,17749,14412
468,12986,4293,4146,17820,14913
320,13085,4468,4370,18084,14701
849,13841,4727,4689,17919,14470
322,13380,4727,4581,17961,14719
598,13184,3911,4483,17944,14457
95,13823,4554,5256,18504,14925
256,12963,4543,4360,18237,14760
353,12858,3513,4249,17834,15043
616,13144,4836,4400,17333,14888
347,12818,4127,4240,17789,14814
283,13320,4951,4293,17771,14659
576,12406,4547,4532,17496,14698
820,13687,4834,4539,17905,14415
746,13673,4915,4624,18008,14847
288,12843,4411,3173,17948,14811
0,12849,4361,4316,17745,14999
725,13585,4607,4732,17919,15435
511,13074,4605,4362,17973,14833
717,13815,4604,4557,18070,14503
627,13058,4665,4516,18137,14658
308,13252,4900,5186,17963,14607
865,13257,4764,4316,17726,14789
287,13167,4430,4275,18175,14612
688,13406,4693,4616,18094,14013
813,13573,4860,4584,17802,14786
511,13409,4501,4296,18181,15196
495,13393,4860,4814,18047,14484
493,13328,4320,4347,17850,14932
565,13612,4807,4597,17910,14735
301,12202,4437,4334,17908,14928
818,13675,4678,4612,17882,14859
655,13232,4567,4667,17820,14492
840,14112,4774,4692,17577,14454
509,13427,4693,4635,17919,15235
1138,13218,4682,4727,17949,14641
690,13378,4818,4732,17763,15645
386,13488,4607,4607,17867,14667
440,13189,4258,4171,17819,15568
807,13314,4949,4810,18037,13600
721,13412,4670,4522,17738,14798
659,13504,4814,5355,17866,15465
760,13526,4578,4541,17492,14730
0,13017,4244,4236,17917,14847
555,13324,4667,4452,17581,14730
739,13584,4964,4265,18635,14990
464,11695,4434,4378,17123,14949
680,13448,5121,4537,17819,13280
433,13594,4908,4684,17822,14265
385,13930,4571,3845,17884,14988
717,13632,4952,4652,17247,14790
274,13263,4376,4445,17949,14960
489,12523,4926,4698,17895,13330
362,12979,4476,3164,17997,14872
397,13274,3569,4530,18059,14632
459,13228,3124,4652,17781,14708
511,13510,4607,4554,18022,14646
745,13082,4554,4782,18171,14380
0,13463,4682,4501,17348,14172
899,13530,4918,4607,17863,13525
769,13231,4696,4388,17903,15866
252,12860,4376,4204,17788,14785
458,13283,4592,4645,17964,14652
677,13225,4472,4612,17665,14508
765,13080,4345,4463,18048,14656
808,13951,4724,4676,18027,14083
685,13359,4634,4559,18104,14727
1312,12748,3792,4373,17879,14924
0,13344,4598,4389,18194,14843
521,13431,4632,4666,18121,14772
686,13248,4152,4110,17475,14919
130,13326,4555,4536,17543,14797
775,13074,5136,4443,17237,14553
1465,13772,5028,4291,17808,14847
738,13664,4894,4741,17917,15080
1200,13128,4447,4288,17844,14760
494,13210,4575,4585,18441,14584
7,12854,4413,4468,17666,14620
635,13471,4417,4390,17731,14832
629,12876,4313,3717,17932,14880
714,13528,4489,4296,18136,14786
498,13124,4584,4374,18169,14830
583,13549,5064,4582,17919,15755
521,13479,4835,4794,17890,14773
781,13346,4751,4656,17739,14492
334,13819,4456,4414,17798,14949
406,12312,4312,4348,17757,14932
511,13174,4901,4311,18115,14922
895,13360,4796,4506,18033,14762
417,12913,4456,4444,17502,14895
375,13446,4263,4453,17604,14715
924,13168,4412,4887,17755,14929
472,13364,4769,4398,17556,14577
648,13492,5285,4567,17641,14636
708,13575,4984,4641,17919,14347
216,13216,4982,4366,17017,14744
95,13196,4607,3883,17848,14780
1054,13490,4757,4597,17919,14495
788,13197,4473,4163,18119,14845
320,13737,5408,4281,17917,14937
692,13823,4417,4173,17803,14760
748,13377,4717,4317,18527,14672
258,13409,4954,4545,17675,14710
572,13653,4917,4650,17964,14550
607,13909,4804,4635,17926,14847
751,13417,4978,4523,17482,14539
844,13068,4424,5220,17413,15152
854,13197,4948,4820,17211,15082
1646,13188,4774,4534,18249,14692
818,13444,4643,4590,17775,14023
234,13213,3022,4351,17951,14659
308,12939,4298,4381,17919,14847
511,13788,4526,4426,17910,14668
673,13554,5148,4639,17408,14409
601,13244,4354,4360,18123,14571
511,13168,4370,4362,17842,14946
426,12524,4669,4672,17785,14521
534,13437,4746,4518,17627,15451
546,13511,4342,4244,18255,14808
153,13518,4690,4144,17295,14847
301,12687,4611,5156,17617,14847
374,13330,3544,5240,17088,14609
2963,13433,4572,4362,18114,14804
719,13428,4528,4361,18043,14675
302,13104,4368,4420,17905,14683
511,13148,4578,4485,17752,14909
544,13267,4531,4411,18672,14641
231,13132,4338,4649,20816,14870
391,13443,4699,4683,17858,14248
619,12526,4658,4568,18179,14772
692,13582,5066,4543,17962,14637
665,13528,4730,4358,17885,14224
361,13478,4458,4567,17686,14444
177,13794,4304,4123,17946,15231
411,13244,4898,4296,17285,14668
0,13504,4833,4634,17832,14427
798,13564,4800,4648,17843,14407
844,13319,3925,4607,17954,14824
410,13193,4607,4436,18015,14516
324,13365,5027,4694,17898,14895
520,13115,4999,4366,17271,14009
775,13452,4968,2237,17709,14728
581,13509,4725,4524,18169,14810
450,12970,4418,4003,17564,14646
372,13784,4027,4198,17778,14847
607,13226,4996,4496,17890,14350
710,13463,4342,4292,17584,14676
737,13450,4766,4639,17678,14253
466,13428,4533,4429,18163,14579
456,13259,4521,4420,17657,14697
0,13201,4375,4231,17863,15000
712,13855,4703,4578,17764,14469
628,14216,4568,4553,17919,14518
672,13145,4607,4682,17528,14715
1986,13133,4698,4385,18244,14517
556,13466,4907,4788,17856,14629
511,13068,4648,4543,17602,14348
811,13156,4481,4544,17984,14693
1252,13326,4492,4700,17770,14144
862,13208,4970,4563,16881,14775
767,13043,4439,4436,17722,14853
193,13286,4607,4932,17962,14615
474,13143,4511,4346,18036,14774
598,13147,4452,4592,19464,14715
775,13120,4394,4401,17720,14687
477,12981,4305,4372,18142,14775
498,12842,4227,4304,18005,14837
424,13610,4597,4460,18096,14573
0,13194,4799,4607,17808,14489
928,13815,4597,4614,17844,15328
402,13075,4530,4421,17955,14681
440,13042,4522,4370,17878,13974
721,13374,4607,4536,17932,14485
0,12289,3842,4546,17629,14741
520,13433,4896,4686,18009,14421
0,13180,4657,3836,17894,14469
631,12484,4565,4568,17632,14818
193,13012,4606,4424,18166,14704
580,13496,4764,3583,18695,14750
0,13089,5500,4503,17791,14812
509,12994,4616,4492,17575,13838
517,13438,4646,4408,17550,13867
632,13667,4429,4387,18155,15195
490,13217,4619,4463,18056,14598
502,13417,4503,4566,17802,15011
2064,13140,4360,4952,17836,14877
810,13464,4914,4779,17349,14242
587,13536,4779,4545,17919,14424
1244,13035,4892,4579,17440,14845
449,13171,4564,4392,17927,14881
658,12524,4776,4377,17919,14553
617,13524,4929,4607,17800,14301
427,12328,4848,4788,17919,14697
0,12327,4264,3967,17640,14801
1292,13414,4607,4573,17919,14794
602,13197,4646,4623,17745,14489
932,13349,4498,4589,17868,14453
263,13123,4390,4453,17543,14356
146,13794,5161,4960,18034,14805
1043,13199,5177,4398,17901,14767
379,13913,5132,5163,17648,15034
533,13231,4552,4400,17909,14726
556,12973,4279,4326,17932,14837
624,12964,4578,4372,18089,14703
532,13403,4745,4450,17850,14409
779,13607,4744,4664,17290,14647
296,13030,4757,4386,17652,14742
555,13411,4770,4754,17876,14249
316,13200,4450,4450,17684,14505
786,13549,4720,4607,17164,14803
453,12166,4440,5264,17716,14776
707,13538,4891,4632,17701,14207
357,13324,5887,3369,17843,14769
561,13061,4614,4513,18029,14059
506,13040,4416,4325,17792,14894
674,13252,4201,4345,18119,14833
261,13222,3607,4328,17552,14709
0,13288,4442,4015,17824,14965
475,12960,3786,3599,17919,14847
756,13378,4566,4437,18119,14625
537,13432,4794,4626,17930,14412
881,13516,4994,4664,17936,14792
634,13640,4847,4607,17848,14700
690,13422,5578,4606,16973,14571
914,13491,4463,4441,17980,14587
706,13386,4862,4584,17976,14444
869,13210,4537,4607,17801,15448
848,13249,4928,4598,17918,14472
0,13051,4714,4664,17820,13988
552,13329,4600,4499,18099,14898
0,13163,3944,4702,17737,14847
74,13697,4412,4255,17639,14723
601,13513,4781,4607,18303,14640
335,13510,4763,4690,17857,14607
859,13202,4789,4607,20034,14024
690,13566,4801,4653,18557,14380
490,13640,4583,4423,18106,15035
656,13263,4689,4704,17919,14923
576,13231,4823,4741,17928,14475
511,13376,4862,3900,17919,14224
511,13019,4273,4226,18065,14689
0,13584,4320,4495,17987,14800
780,13204,4532,4301,18003,14558
28,13176,3659,4181,17917,14847
911,13516,4737,4468,18054,14648
356,13508,4549,4565,17347,14794
392,13092,5177,4223,17460,14941
528,13416,4922,3483,18001,14372
46,13320,4723,4679,17942,14672
600,12891,4766,4249,16288,14819
739,13092,4863,4800,17880,14811
651,13165,4610,4607,17889,14284
729,13148,4452,4247,17727,14631
690,13377,4523,4407,18249,14453
732,13032,4398,5412,17659,15304
648,13380,4794,4751,17962,14672
399,13427,4967,4174,17697,14964
176,13020,4451,5166,17647,15024
673,13259,4555,4607,17663,14483
397,13013,4420,4236,17721,14630
416,13512,4703,4580,17724,14608
370,13236,4306,4325,17702,14584
554,13444,4413,4280,17753,14773
407,13068,4614,4529,18108,14792
832,13467,4578,4424,17736,15604
815,13474,4638,4666,17906,14981
775,13528,4868,4633,18017,14990
511,13160,4538,3484,17289,14844
444,11897,4294,4379,17256,14961
338,13027,4554,4033,18117,14424
766,13641,4867,4607,17965,15807
194,13366,4726,4560,18086,14625
452,13121,4449,4309,18122,14355
1504,13080,4821,4385,17488,14846
760,13115,4397,4423,17485,14665
757,13250,4571,5351,17919,15213
511,13267,4689,4516,18072,14670
536,13329,4523,4401,17684,14769
443,13204,4607,4504,17601,14539
612,12647,4719,4697,17664,14539
1254,13178,4987,4416,17564,15126
577,13141,4881,4804,17828,14894
361,13160,4603,4485,18473,14679
770,13610,3924,4607,17919,14847
538,13194,4607,4461,18213,14961
449,13053,4688,4241,17222,15213
520,13181,4603,4647,17919,15505
532,13230,4513,4386,17559,14689
568,13153,4590,4178,17520,14759
404,14623,4260,4206,17901,14847
291,12922,4557,3583,17460,14644
443,13478,4225,4256,17918,14843
666,13553,4739,4607,17733,14462
130,12880,4391,3232,18196,14672
437,13840,4173,3985,17919,14943
1065,13093,4684,4651,17926,14561
992,13185,4495,4640,17936,14564
552,13823,4528,4515,18044,14656
425,12119,4414,4198,17828,15019
423,13499,4820,4534,17025,14686
0,13037,4119,4206,17788,14889
832,13536,4646,4603,17765,14680
637,13361,4661,4536,17088,14594
491,13126,4487,5531,17711,14767
349,13037,4479,4389,18124,14750
530,13278,4220,4496,17982,14680
555,13368,4888,4826,18546,14530
581,13030,4033,4274,17308,14847
704,13487,5132,4314,17310,14677
551,13385,4582,4153,17759,15017
822,13096,4717,4839,17823,14485
809,13154,4291,4770,18209,14646
689,13605,4913,3403,17919,14446
666,13636,5188,4638,17759,14478
171,12712,4492,4329,18062,14687
332,13197,4713,4386,17504,14625
416,13174,4540,4360,17207,14786
164,13362,4939,4877,17715,14536
836,13186,4505,4308,17640,14710
739,13147,4748,4784,17931,14513
325,13128,4441,4496,17497,14683
464,13376,4643,4432,17579,13742
607,13268,4260,4334,18007,14838
576,13383,4439,4208,18177,14847
0,13245,3607,4589,18350,14705
489,12985,4451,4376,18106,14419
413,13005,4473,4333,18228,14784
773,13592,4629,4441,17827,13806
349,12812,4439,4379,17838,14876
530,12446,4437,4185,17847,13823
465,12918,4482,4285,17782,14898
497,13248,3937,4530,17984,14676
0,13104,4702,4440,18441,14417
439,12542,4693,4503,18012,14730
759,13464,4923,4753,17919,14555
458,13458,4728,4543,17595,13689
432,12538,4606,4552,17620,14682
256,13045,4353,4394,17846,14863
1274,13124,4856,4811,17853,14797
675,12799,4342,4218,17919,14819
0,12553,4643,4470,17786,14728
772,13513,4764,4337,17961,15195
242,13886,5236,4199,17896,14728
576,12522,4508,4485,17596,14347
701,12352,4434,4546,17472,15019
664,13192,4728,5046,17644,13908
709,13532,4399,4276,18089,14640
34,13260,4387,4698,17683,14561
592,13259,4731,4537,17859,14609
602,13399,4622,3666,17635,14520
158,13077,4423,4617,18126,14759
576,13468,4860,4641,17934,14263
0,13559,4411,4607,17318,14400
0,13462,4028,4505,17892,14198
548,13203,4923,4494,17919,14744
0,13122,3324,4545,17744,14841
785,13466,5338,4444,17924,14588
511,13072,3856,4594,18085,14356
844,13192,4673,3829,17805,14438
570,13236,4584,4215,18159,14847
270,12907,4459,4272,17770,13628
1028,13326,4489,4166,17765,14630
158,13340,4295,4249,17901,14637
427,13109,4236,4055,17056,14953
228,12834,4377,4229,17752,14841
746,14264,4808,4607,17922,14806
796,12772,4767,4678,17946,14542
550,13132,4550,4036,17984,14912
212,12799,4416,4511,18146,14809
916,13467,4728,4589,17919,14470
532,12610,4398,4180,17414,14938
491,12874,4607,4488,17813,14744
829,13021,5408,5083,17602,15025
405,13615,4607,4436,18006,14929
865,13274,4763,4606,18062,14633
0,13823,4403,4413,18005,14492
528,13559,3815,4557,17824,14216
866,13070,4460,4223,18114,15220
1090,13416,4608,4607,17734,14610
570,13108,4469,4460,17919,14794
267,13412,4922,4344,17808,15184
0,13196,3433,5166,17808,14941
442,13079,4618,4471,18522,14800
514,13455,4906,4617,17861,14468
511,12893,4606,3763,18097,14624
1062,11652,4495,4360,17494,13994
506,13103,4608,4352,18300,14825
375,12468,4459,4315,17810,14844
852,13541,4963,4474,16856,14607
631,13247,4691,4547,17175,14660
427,13636,5065,4754,17904,15431
870,13388,4610,4319,17836,15372
592,13038,4605,4319,17409,14249
531,13457,4036,4478,17832,14706
337,13008,4514,4381,18073,14665
571,13113,4705,4443,17927,14561
1581,14148,4797,4800,18029,14833
511,13377,4786,4468,17914,14672
753,13288,4468,4453,17601,14450
511,13040,4308,4448,17831,14872
577,13323,4653,4378,17919,14625
456,13358,4696,4474,16969,14519
532,13247,4693,4002,17884,15375
567,13080,4699,4416,17911,14803
507,13192,4278,4323,17709,14685
0,13030,3979,4389,17971,14768
891,13521,4999,4627,17679,15160
752,13214,4409,4313,18207,14814
568,13275,4398,4185,17743,14831
474,12644,4143,4764,17677,14893
566,13205,4566,4346,18192,15028
682,13175,4681,4576,17685,14272
751,13338,4530,4618,17697,14421
383,13672,4940,4040,17844,14847
543,13125,4618,3762,18801,14748
1353,13120,4264,4309,17599,14718
520,13469,4453,4346,17810,14759
596,13586,4596,4628,17897,14806
511,13180,4822,4210,16939,14388
290,12477,4527,4456,17880,14662
694,14212,4647,4573,17919,14261
0,13060,4336,4256,17760,14940
376,13504,4392,4340,17828,14340
202,13182,4270,4228,18092,14902
552,13281,4685,4473,17600,14641
301,13038,4469,4321,17962,14927
464,13180,4670,4032,21669,14762
1146,13324,4667,4672,17888,13215
745,13800,4456,4493,17979,14585
832,13341,4896,3921,18023,14684
392,13314,5000,4351,17329,14786
354,13180,4648,4528,18348,14523
711,13152,4574,3730,18059,14573
1532,13129,4469,4340,17807,14637
815,13021,4939,3602,18021,14603
450,13186,4607,4265,17816,14744
527,13207,4739,4448,18183,14580
630,13337,4769,4624,17915,14173
693,13440,4671,4536,18024,14474
540,13101,4530,4028,17962,14527
834,13447,4660,4607,17808,14982
895,13431,4781,4936,17837,15053
430,14118,3424,3992,17919,14955
283,13058,4743,4248,17654,14864
766,13760,4607,4288,17708,15048
875,13544,4587,4599,18010,14941
511,13665,4607,4437,18833,14748
345,13730,5015,4184,17755,14913
511,13120,4392,4522,16913,15137
938,13035,4395,4358,17675,14511
469,13101,4505,4164,17775,14524
288,12358,4991,4191,17628,14817
584,13264,4681,4437,18108,14643
259,12704,4386,4224,17759,13938
783,13099,4413,4276,17086,15034
727,13428,4567,4672,17919,14591
320,13039,4562,4229,17905,14760
504,13036,4317,4183,17940,14905
611,12821,4438,4436,17887,14778
692,13784,4816,4617,16801,15190
574,13202,4532,4361,18199,15320
888,13262,4825,4664,17995,13864
585,13160,3597,4320,17824,14758
468,13604,3492,4559,17565,14613
1944,13498,4783,4559,18004,14972
541,14914,4392,4116,17919,14887
344,13275,4607,4466,17541,14270
597,13348,4571,4462,17929,14493
321,13071,4416,4291,17900,14737
638,13000,4400,4341,17973,14784
632,12856,4504,4435,17564,14483
481,13457,3853,4538,17617,14553
497,12325,4715,4543,17773,14548
281,12973,4185,4650,17919,14763
673,13504,4815,4524,18160,14480
483,13288,4883,4849,17837,14718
1716,13122,4613,4140,17698,14972
511,13216,4646,4464,18652,14464
511,13435,4822,4594,17802,14348
620,13504,5631,4534,17708,14652
1624,13083,4394,4456,17871,14523
511,13336,4672,4470,17240,14559
1041,13265,4546,4368,17771,14586
393,13597,4293,3905,17903,14832
586,13240,4618,4464,18091,14772
261,12887,4477,3700,17644,14665
778,13039,4758,4120,17842,14821
284,13133,4640,4580,17812,14673
0,13376,4481,4181,17172,14811
173,12949,4408,3448,18015,14915
511,13042,4607,4326,17796,14759
283,12878,5377,4157,17905,14734
840,13662,6274,4389,17928,15459
145,12997,5134,4208,17784,14890
511,13226,4676,5384,17840,14905
142,12983,4452,4647,17884,14734
511,13198,4717,4396,18064,14373
0,13123,4604,4488,18157,14897
739,13505,4910,6050,17834,14955
435,13096,5615,3699,17936,14967
773,12865,4677,4644,17803,15408
36,13036,4392,4434,17601,14808
26,13633,4996,4336,17580,14536
558,13270,4677,4574,18141,14764
517,13004,4552,4162,18082,14847
626,13456,4692,4551,17748,14512
604,13433,4704,4645,17940,14446
676,12899,4296,4324,18078,14912
333,12811,3588,4246,17722,14971
666,13226,4596,4905,17978,14834
618,13427,4786,4675,17642,14716
364,13050,4391,4232,17972,15017
386,13012,4458,4513,18080,14623
511,13461,4838,4652,17897,14869
453,13069,4588,4363,18069,14473
1389,13177,4111,4320,17707,14792
45,13115,4856,5504,17696,14981
610,13508,4732,4602,17834,14484
823,13395,4739,4807,17655,14181
511,13279,4418,4650,18960,14637
833,12676,4401,4592,17566,15007
424,13007,4480,4452,17870,14664
1312,13427,4543,4783,17868,14524
0,13222,4607,4575,17776,14521
511,12896,4531,4453,18057,14825
454,12905,4511,4408,17875,14206
582,12961,4340,4314,17918,14241
361,13079,4900,4219,17780,15968
0,13163,4688,4719,17700,14467
806,13531,4739,4404,17866,14698
1106,15340,4600,4639,17916,15442
279,13138,5040,4489,16759,14346
534,13166,4616,4249,17672,14608
540,11932,4650,4435,18006,14410
446,12759,4606,4491,17971,14762
710,13048,4566,4932,17954,14676
511,13070,4544,4488,17909,14699
280,14026,5607,4180,17919,14344
590,13197,4429,3801,17765,14740
1394,13095,4494,4350,17811,14828
700,12825,4228,4793,16404,14794
776,13505,4892,4798,17764,13912
255,13333,4652,4579,18467,14632
832,13785,4565,4546,17721,14452
236,13241,4398,3517,17890,14847
499,13074,4480,4331,18160,14836
316,13133,4738,4544,17919,14758
0,14166,4507,4606,17491,14704
516,13223,4616,4394,18159,14847
750,13196,4512,4648,17818,15001
469,13153,4549,3984,17628,14594
609,13344,4563,4521,17456,14552
344,13475,4185,3970,17745,14827
836,13525,4719,5029,17878,14632
618,13368,4709,4824,17654,14568
511,13478,4488,4634,17902,15259
1395,13167,4594,4636,17864,14853
803,13085,4360,4108,18011,15226
996,13210,4741,4104,17870,15137
783,13571,3904,4544,17824,14513
495,13379,4775,4421,18559,14602
604,13313,4734,4515,17862,14453
384,12980,3430,4325,17776,14896
540,13161,4656,4607,17962,14790
813,13510,4802,4549,17901,14487
264,12930,4295,3708,17864,14852
1718,12968,4852,4646,16580,14984
521,13258,4607,3891,17870,14809
414,13024,4618,3877,18082,14494
1109,12840,4625,4347,17668,14723
953,13418,4737,3848,17963,14429
461,12978,3817,4116,17804,14416
539,13344,4482,4030,17574,14750
357,13051,4458,4474,17628,14496
355,12966,4427,4372,17487,14810
846,13649,4707,4468,17946,15178
603,13077,5011,4436,17417,14269
551,13602,4579,4488,17543,14831
1057,13391,4597,4744,18081,14426
690,13363,4831,4704,17919,14530
704,13248,4552,4260,17738,14540
0,13276,4744,4550,17944,14901
628,13515,4775,4578,17854,14481
456,13506,4485,4625,17908,14847
321,12922,4479,4406,17882,14935
638,13341,3406,4349,18004,14811
396,12928,4417,3313,17919,14847
866,13099,4325,4720,17749,14790
657,13133,4641,4015,17776,14416
321,12029,4517,4442,17833,14847
821,13683,4806,4641,17866,14679
815,12961,4439,3546,17852,14680
550,13495,4391,4647,17873,15016
577,13319,4990,5395,17817,15038
370,13103,4356,4162,17939,15164
1308,13197,3912,4379,18133,14690
0,13367,4968,4683,17759,14434
0,13566,4606,3664,18049,14620
449,12864,4261,4352,17730,14802
377,12999,4260,3874,17016,15082
147,13852,4402,4476,17832,14852
925,14077,4635,4480,17880,14493
299,12593,4368,4384,17562,14857
478,13210,4627,4625,17746,14403
1070,13390,4512,3984,17784,15465
675,13390,4539,4612,17433,14544
549,13276,4418,4407,17656,14624
767,13868,4618,4607,17877,14400
375,12829,4304,3583,18324,14838
18,13188,4647,4280,17777,13931
364,13112,4349,4304,18056,14679
438,13084,4548,4272,17605,15177
3680,13156,4585,4450,17548,14732
205,13369,4049,4762,17800,14424
757,13411,4849,4116,17920,14413
220,13264,5191,4342,17728,15029
267,11218,4125,4174,17335,14932
472,12848,4484,4293,17597,14470
111,13258,5030,4294,17812,14891
797,13288,4669,4735,18012,14662
449,12774,4612,4503,17954,15116
818,13577,4672,4915,17476,14669
788,13601,4873,4740,17939,14913
254,13509,5282,4601,17990,15410
260,13076,4424,4328,18125,14906
91,12924,4276,5199,17616,14568
0,12089,3939,4345,17717,15130
332,13194,5120,5152,17751,14881
444,13849,4238,4282,17919,14673
790,12109,4662,4607,17975,14664
370,13004,3177,4330,18076,14847
368,12372,4521,4342,17919,14746
399,13153,4592,4369,17736,14669
884,13216,4652,5389,17868,14682
485,13597,4486,4448,17561,15409
565,13069,4644,4607,17673,14294
520,13345,5238,4278,17528,14925
438,13230,4540,4338,17501,14842
612,13469,4461,4386,17707,14600
0,13034,4163,4211,17863,14770
588,12520,4542,4830,17910,14709
593,12843,4487,4010,17988,14837
1359,13445,3284,4365,17665,14767
764,13642,4813,4592,17865,15077
507,12050,3762,4427,18100,14821
748,13625,5130,4674,18007,14560
608,13704,4647,4522,18216,14496
321,13153,4538,4477,18509,14669
511,12791,4304,6530,17771,14786
548,13164,3642,4187,18123,14915
632,13133,4459,4549,17724,14476
640,13821,4661,4523,17893,14670
712,12565,4401,4499,17941,14779
630,13284,4536,4416,18164,14920
0,13413,4391,4268,17642,14654
511,13362,4747,4236,17870,14606
332,12460,4170,3692,17855,14931
508,13199,4660,4607,18374,14680
94,13186,4679,4193,17295,14777
1089,13521,4698,4668,18012,14435
304,13100,4486,1986,17597,14458
504,13230,3880,4534,17883,13584
772,13193,4641,4584,17501,14593
740,13888,4708,4576,17945,15732
1415,13024,4475,4463,17569,14800
461,13138,4616,4601,18061,14770
0,13232,4808,6939,18275,14478
820,13359,4560,4217,16870,16293
578,13160,4871,4152,17467,14858
192,12952,3430,4353,17796,14884
265,12843,4360,3386,18088,14771
370,13108,4644,3895,18094,14435
496,13009,4366,4426,18221,14732
635,13410,4769,4724,17848,14548
664,13546,5341,4607,17700,14449
512,13198,5267,4361,18130,14674
657,12798,4797,4578,17834,14643
578,13435,4641,4502,17980,13692
0,13130,4857,4682,17688,14229
511,13055,4518,4234,17528,14488
277,12930,4531,4453,18214,14830
429,13380,4503,4393,18266,14847
382,13358,4617,4380,17541,13800
578,13557,3575,4607,17834,15435
596,13580,4810,4690,17919,14847
194,13180,3944,4421,17608,14636
376,13367,4009,4140,17940,14451
511,12855,4651,4122,17482,14935
605,13190,4811,4759,17854,15300
584,13270,4545,4277,17749,14800
341,12799,4379,4448,17852,14904
1637,13578,4916,4607,17910,11797
534,13149,4756,4148,18674,14605
1548,13632,4708,4299,17880,14722
300,12927,4477,4336,18392,14901
393,13095,4560,4384,18086,14627
406,12911,4248,4937,17877,15208
897,13169,4829,4682,17837,14472
389,13907,5021,4198,17760,14847
322,13240,4607,4427,17984,14211
296,13175,4728,3571,18796,14447
277,13053,4527,4451,18233,14790
428,13102,4570,3483,17695,15296
663,13128,4316,3593,17495,14589
1077,13150,4401,4483,17724,14746
664,13559,4758,4539,17841,14488
354,13226,4719,5157,17880,14627
496,13598,4672,4497,16963,14625
386,12994,4292,4337,17919,14929
578,13277,4512,4375,18163,14701
768,13274,4502,4459,17640,14641
467,13269,4015,4875,17942,14677
511,13096,4346,4266,17677,15127
760,12313,4717,4418,17759,14700
1533,13454,4293,4294,17897,14802
448,13940,4300,3945,17919,15505
814,13406,4706,4765,17721,15746
235,13508,4387,4271,17810,14909
656,13012,4390,4321,17987,14859
485,12474,4443,4349,17880,13984
662,13239,5124,4246,17320,14847
600,13426,4605,4668,18069,14808
797,13565,4776,4858,17872,14550
510,14429,4285,4225,17867,14978
578,13156,4483,4022,17919,13750
426,12910,4530,4409,17932,14605
374,13543,4814,5007,17762,14440
404,13171,3583,4197,17672,14921
511,12859,4412,4298,18228,14869
445,13104,4555,4428,17819,14700
1527,13152,4658,5468,17775,14854
620,12068,4589,4184,17611,14617
303,13160,5086,4934,17720,14922
834,12882,4805,4481,17797,15313
576,13488,3944,4607,17561,14257
433,13202,4837,5320,17768,14752
320,12528,4651,4214,17924,14881
0,13509,4953,4657,17965,14847
902,12551,4682,4617,17941,14672
785,13130,4892,4688,17919,13576
589,13172,4445,4334,17638,14539
662,13376,4652,4626,17898,14455
611,13583,4377,4299,18001,14860
1186,10658,4640,4205,18140,14660
766,13428,4669,4755,17843,14230
442,13402,4610,4235,17805,14383
1236,12692,3075,4277,17773,14416
887,13640,4940,4706,17919,14604
475,13417,4563,4335,17976,14487
567,13467,4210,4624,17823,14592
724,13472,4736,4593,17767,13604
0,13136,4002,4607,17826,15429
779,13108,4587,4564,17984,14532
275,13121,4844,4272,17905,14390
558,13614,4276,4331,18086,14819
1307,13232,4453,4776,18044,14632
477,13385,4456,4602,17854,14574
385,13158,4382,2996,17554,14594
532,13225,4557,4469,18028,14254
584,13512,4723,4459,18245,14786
186,13352,4729,4544,17785,14088
420,13402,4574,4393,18461,14203
310,13186,4607,4339,18103,14745
795,13588,4645,4260,17162,14623
228,13651,4215,4220,17745,14847
236,13057,4481,4054,18592,14783
261,13090,4169,4469,17950,14601
464,13091,4469,4379,17881,14934
1508,13112,4457,4594,17791,14777
321,12480,5249,4196,17630,14989
0,13565,4696,4537,17918,14612
492,12653,3969,4409,17843,14649
925,13142,4489,4308,17704,15184
692,13449,4607,4692,17918,14601
608,13340,4700,4280,18039,14799
706,13630,4644,4531,18171,14976
688,12999,4335,4778,17859,14813
873,13517,5233,4449,18026,14636
270,13420,4831,4226,17783,14847
460,13222,4779,4376,17705,14733
510,13102,4510,4333,18024,14757
545,13521,4607,4607,17804,14596
756,13239,4572,4423,17817,14372
216,13102,4607,4576,17876,14847
853,13283,4776,4992,17792,14640
0,13089,4602,4376,17529,14715
1320,13127,4488,4456,17566,13800
363,12932,4229,4244,17824,14674
457,13653,4001,4000,17741,14892
887,12914,4328,4528,17664,14649
512,13151,4232,4772,17652,14653
1036,13014,4239,4360,17460,14698
424,13203,4586,4714,17777,14601
554,13708,5048,4484,17842,14466
511,13617,5140,4352,17415,14824
699,13482,4607,4507,17301,14612
237,12886,4563,4351,17919,15551
653,13195,4630,4638,17750,13870
783,13069,3831,4800,17784,15106
812,13481,4863,4664,17919,14039
462,13207,4607,4434,17588,14724
790,13390,4640,4527,17839,14437
704,13862,4715,4633,17913,14156
548,13065,4452,4186,18058,14848
586,13442,4775,4581,17918,14885
494,12929,4769,4607,17722,13577
603,13713,4331,4304,17513,14681
889,13823,4838,4628,18008,15448
414,13038,4040,4433,17344,14579
357,13581,5313,4270,17732,14609
576,13420,4605,4479,18127,13742
510,13108,4508,4512,18602,14515
1312,13404,4929,4731,18144,14350
562,13257,3796,5305,18155,14800
466,12616,4255,4360,17420,14630
311,13275,4596,4613,17944,13565
213,11667,4452,4468,17940,14669
197,13930,4394,4293,18218,14917
526,13128,5489,4382,17511,14689
229,13253,4637,4486,18518,14559
668,13420,4843,4579,17773,14751
607,13337,4712,4545,18112,13791
554,13450,4914,4705,17844,14594
988,13367,5376,5132,17417,14912
714,13152,4752,4646,15786,14568
567,13178,4538,4248,17952,14877
313,13079,4309,4182,18008,15211
992,13210,4502,3961,17190,14378
1154,13171,4432,4407,18148,14649
781,12857,4621,4181,18017,14275
386,13314,4324,4554,18037,14852
580,13348,4728,2909,17841,14444
526,13333,4161,4504,17621,14530
161,11545,4464,4433,17824,14847
641,13222,4122,4248,18130,14801
805,13401,4865,4652,17864,15064
400,13120,3296,4477,18517,14657
1384,13428,5320,5290,17860,14870
483,13155,3518,4205,17925,14847
536,13029,4507,4478,18714,13810
952,13238,4599,4592,17624,14249
0,13589,4608,4449,18260,14724
380,13862,4171,4135,17745,14918
585,13164,4398,4330,18086,14724
414,13037,4158,4036,17919,14912
489,12427,4380,3638,16895,15224
511,13465,4841,4663,17794,14775
612,13632,4872,4885,17924,14692
1032,13752,5325,4161,17903,14752
462,13135,3620,4374,18099,14799
414,13132,4631,4541,17919,13646
755,13041,4722,4644,17725,14287
350,13185,4768,3443,18858,14608
219,13566,4776,4885,17893,14502
463,13826,5091,4607,18265,14847
576,13444,4765,4652,18037,14744
1937,13224,5008,4783,16698,14925
662,13256,4711,4733,18207,14451
510,13038,4302,4312,17560,14596
552,12915,4350,4368,17495,14589
552,13376,4607,4970,18080,14559
511,12992,4475,4328,17905,14741
451,13154,4681,5692,17898,14619
964,13413,4424,4356,18026,14656
676,13007,4401,4679,17552,14665
1820,13025,4604,4333,17806,14170
425,13559,4744,4897,17780,14571
365,13320,4505,4277,17672,14763
644,13368,4899,4589,17840,14379
962,12799,4480,4584,17813,15003
712,12994,4489,4618,16324,14807
463,13030,4348,4607,18085,14757
1135,13115,3182,4461,17738,14666
481,13437,4704,4607,17580,14612
968,13495,4607,4624,17750,14454
165,13645,4416,5565,17698,14818
564,12923,4640,4290,17611,14847
520,13154,4630,4753,17635,14487
581,13377,4780,4612,17844,14374
706,13105,4883,4691,17858,14556
394,12855,4417,3583,18120,14736
508,13200,5816,4341,17677,14756
0,13496,4575,4468,18084,14809
518,12926,4438,4176,17691,15040
799,13411,4625,4354,17618,15396
564,13430,4703,4704,17808,14350
558,13040,3737,4372,17518,14521
665,13565,4726,4464,17880,14714
502,12948,4482,4301,17844,14861
534,11858,4467,1355,17464,14525
417,13399,4607,4541,17536,14123
295,12811,4250,4038,18007,14805
744,13324,3029,4617,17320,14454
747,13264,4617,4564,17581,14080
511,13006,4524,4351,17919,14568
587,13152,4997,4356,17752,14673
682,13331,4784,4182,17813,14263
511,13237,4672,4862,17808,14847
55,13217,3752,4116,18160,14656
1027,12958,4169,4312,17917,14847
276,12953,4298,4400,17919,14701
143,12926,4460,4402,18006,14686
953,12822,4518,4607,18567,14643
511,13550,4839,4719,17832,14404
667,13102,4592,4452,17824,14769
592,13385,4786,4220,18467,14537
346,13234,4462,4269,17731,14540
754,13160,4255,4358,17489,14654
544,13089,4368,4391,17847,14597
476,13084,4512,3804,18135,14570
399,13605,4136,4214,17756,14847
681,12660,4892,4794,17918,15128
778,13387,4605,4495,17795,14671
876,13460,4954,4607,17335,14618
673,13431,4607,4460,17897,14580
804,12998,4317,4386,18019,14610
664,13572,4969,4594,17856,14032
877,13555,4670,4533,17940,15161
315,13034,4472,4340,17592,14740
553,13285,4725,4607,18316,14492
773,13124,4536,4607,18035,14728
431,13212,4482,4460,18010,14468
382,12799,4204,4052,17817,14844
592,12115,4412,4546,17668,14650
314,12857,4423,3140,18155,14752
676,12742,4567,4603,18267,14627
276,13164,4480,4607,17664,14501
608,13140,4605,4475,17919,14654
436,13320,4601,4348,17941,15865
581,13038,4806,4544,17999,14368
513,12880,4301,4351,17984,14728
636,13486,4715,4521,17725,14261
320,12875,4309,4298,17919,14839
789,13082,4397,4535,17963,14354
680,13254,4282,4563,17919,14561
613,13118,4196,4713,18307,14517
940,12929,4233,4330,17889,14689
616,13053,4573,4418,18016,14847
1364,13442,4578,4704,17865,14341
501,13135,4373,4687,18282,14853
369,13223,4240,4433,17688,14808
677,13556,3981,4703,17797,14450
662,13384,4643,4564,17958,13663
746,13490,4661,5146,17766,14464
489,12660,4701,4576,17663,13499
510,13408,4607,4431,17682,14847
126,13566,4789,4848,17781,14476
726,13078,4188,4932,17815,14901
795,13264,4541,4483,17686,14577
644,13435,5216,4568,17540,14473
1394,12942,4550,3767,17847,14537
511,13210,4694,4473,17653,14793
981,13107,4428,4493,17946,14549
706,12823,4396,5014,17859,14803
1067,13217,4439,4414,18032,14603
422,13437,4392,4191,16781,14961
522,13248,4656,4903,18056,14451
396,13152,4731,4600,17978,14411
316,12663,4240,4244,18003,14882
614,13172,4607,4455,18096,14585
636,13218,4685,4233,17672,14504
280,14012,4184,4170,17754,14873
541,13279,4677,4476,17906,14686
139,13270,5083,4374,17327,14513
440,13014,4282,4217,17985,14787
550,12967,4567,4304,17366,13772
466,13184,4232,4318,16895,14868
0,13004,4345,4005,17200,14644
576,13130,4638,4607,17919,14534
278,12883,4266,4122,17905,14789
511,13314,4485,4306,17618,15060
492,13210,4618,4710,17947,14723
0,12891,4585,4371,17544,13930
603,13376,4866,4647,18008,14838
656,12972,4335,4420,17500,14798
448,13716,5091,4011,17844,14945
900,13074,5621,4154,17593,14930
776,13402,4710,4423,17756,14667
0,12957,4276,4226,17598,14793
617,13512,4729,4583,17492,14628
612,12847,4467,4581,17919,14824
278,13209,3866,4403,17931,14847
307,13313,4341,3966,17857,14941
1519,13184,4529,4790,17771,14741
879,13474,4665,4418,17600,14667
511,13057,4353,4389,17601,14645
850,13282,4930,4448,18061,14689
216,13056,4789,3679,17785,14297
748,13360,4360,4564,17441,14472
455,12705,4679,4505,17919,14634
707,13456,4656,4658,17895,14346
1280,11879,4360,4244,17424,14164
516,12078,4359,4312,17846,14847
484,13183,4568,4376,18171,15044
745,13248,4632,4556,17696,14504
178,13117,4606,3583,18218,14336
294,13224,4397,4392,17751,14789
0,12981,5069,4450,17608,14824
503,13256,3431,4229,17662,14820
490,13285,4607,3432,18048,14063
0,13180,4383,4257,17929,14804
710,13449,4944,3979,17813,14515
425,13112,4541,4362,17796,14265
439,13100,4459,4460,17727,14533
804,13524,4855,4628,17771,14558
931,13791,4694,4605,17942,14583
756,13513,4508,4341,17974,14547
362,13172,4515,4298,18124,14949
603,13214,5191,5186,17828,15045
728,13281,5089,4729,17942,14870
1180,13234,5288,3838,17680,14789
281,13439,5526,4213,17919,14877
292,12898,4345,4323,17865,14765
576,12444,4714,4607,18285,14847
511,13358,4026,4392,17532,15730
511,13040,4423,3754,18060,15014
0,13472,4647,4521,17656,14348
505,13312,4654,4373,17606,14632
342,12961,4541,4161,18193,14948
511,13348,4528,4565,17905,14531
837,13272,4833,4617,17664,14263
735,13442,4772,4635,17636,14602
551,12480,4378,4471,18056,14845
785,13478,4607,4525,20285,14272
478,13081,4560,4560,17557,14596
1377,13131,4526,4462,17707,15017
511,13258,4753,4603,17792,14541
158,12959,3412,3414,17991,14450
408,13404,4602,4373,17618,14496
222,12905,4348,4204,17888,14860
624,13376,4728,4417,17656,14667
545,13249,4880,4486,17919,14672
0,13372,4196,4195,17662,14912
562,12199,4412,4305,18053,14991
395,12996,4427,4348,17789,14095
856,13248,5224,4661,17557,14628
0,13160,4484,4268,17813,14833
690,12831,4770,4910,18253,14190
549,13169,5292,4432,17491,15216
475,12827,3967,3602,17616,14625
370,13076,3463,4305,18166,14734
850,13448,4683,4605,17834,14482
832,13312,4828,4470,17923,14660
1304,13116,4628,4152,17835,13523
1104,13587,4864,4695,17798,14211
836,13450,5174,4537,17690,14487
541,13328,4554,4474,17683,14623
1163,13005,4372,4395,17709,14649
223,13636,4722,4607,17829,14162
544,13690,4434,4272,17808,14671
602,13120,4589,3575,18022,14506
734,13079,4770,4709,17752,14417
737,13014,4331,4372,17962,14760
768,13067,4486,4370,17767,14749
470,12036,4704,4772,17719,14298
194,13560,5201,4245,18517,14590
325,12594,4372,4227,17800,14764
727,13684,5248,4566,17919,14796
248,12066,4289,4943,17120,14664
507,13426,4578,4354,17691,14839
832,13384,4696,4581,17828,14684
501,13506,4554,4319,17672,14928
217,12904,4445,4154,17995,14728
527,13120,4655,4621,18712,14696
540,13143,4536,4252,17728,14725
518,13413,4856,4681,17811,14528
834,13588,4678,4489,17781,13746
1274,13162,5067,5136,17505,14542
380,13750,4529,4276,17679,14522
488,13145,4974,4216,17477,14738
444,13346,4439,4279,17919,14806
541,12982,4680,4620,18384,14647
482,13278,4606,4272,17741,14552
853,13330,4625,4633,17919,14179
430,13092,4528,4376,17521,13790
408,13331,4780,4545,17553,14654
369,13084,4442,4387,17737,14107
704,13286,4490,4368,17662,14709
198,12940,4336,4370,17858,14652
544,13469,4840,4666,17812,14667
0,12062,3803,4481,17509,14558
508,13099,4677,4300,17882,14916
584,13473,4828,4657,17718,14262
511,12676,4543,4559,17919,14159
424,12892,4696,4005,18115,14698
498,13339,4607,4441,17682,14714
675,13178,4178,4341,17803,14847
565,13423,4862,4715,17897,14236
394,13522,5555,4205,17946,14935
0,13636,4212,4391,17422,14560
584,13455,3874,4056,17920,14579
332,13322,4437,4028,17274,14798
382,13256,5159,3885,17943,15305
635,12980,5085,4225,17236,14960
353,12960,4463,4350,17919,14840
480,12944,4587,4449,17552,13786
541,13348,4638,4415,17477,13384
365,13240,4574,4615,17450,14496
472,12992,4416,4335,18536,14776
1348,13029,4565,4354,17765,14598
769,13338,4562,4321,17304,14716
691,13516,4892,4632,17834,15051
254,13041,4366,4820,17738,14841
212,13330,4587,4342,17498,14588
141,13424,4848,4168,18373,14847
869,13376,4852,4679,18126,14456
312,13080,4785,4276,17655,14546
13,13269,4880,4346,18529,14725
569,13226,4644,4489,17946,14208
494,12541,4560,4391,17513,14668
511,13414,4635,5254,17998,14462
656,13237,4761,4382,17604,14251
195,13650,4633,4058,17736,14916
484,13746,4427,4385,17627,14634
746,13572,4732,5006,17867,15561
776,13539,4767,4607,17753,14600
625,13230,4535,4281,17782,14763
996,13185,5269,5076,17058,14847
1054,13110,4392,4213,17888,14195
601,13361,4569,4278,17567,14544
396,13483,4710,4489,17558,13654
814,13053,4607,4607,17543,14028
875,13404,4784,4457,17720,14645
1338,13054,4389,4364,17554,13739
302,13266,4680,4571,17933,14464
209,13220,4972,4208,17680,14388
383,12990,4412,4630,17905,14683
249,13132,4607,4119,17865,15201
212,13810,4416,4252,17711,14582
529,12906,4665,4046,17804,14869
511,13640,4334,4328,18101,14776
511,13455,4448,4416,17919,14837
818,12726,4644,4530,17625,15422
0,13208,4718,4841,17764,14980
511,11664,4376,4150,17745,14153
751,13314,4556,4334,17552,14562
802,12954,4177,4441,18106,14669
511,11565,4374,4290,17577,14810
607,13394,4600,4547,17856,14337
429,13011,4844,4123,17881,15160
478,13234,4567,4325,17896,14625
644,13241,4820,4567,17645,14278
42,13384,4584,4696,17873,14076
452,13576,4492,4436,17765,14670
1300,12999,4134,4594,17645,14971
511,12946,4450,4843,18012,14794
630,13398,4883,4427,18031,14102
848,13326,4581,4607,18856,14429
347,13047,5472,4900,17667,14847
859,13174,4457,4376,17663,14409
1430,13030,4326,4365,17895,14536
460,13112,4534,4326,17919,14764
845,13168,4743,4705,17786,14357
393,12847,4639,4920,17902,14625
493,13430,4418,4408,18141,14835
0,13096,4413,4571,17720,14434
798,13466,4496,4560,17761,14646
523,12960,4306,4535,17549,14502
0,13416,4763,4430,17692,14766
1241,13192,4607,5302,17804,14934
353,13527,4350,3988,17670,14947
320,13763,5448,4105,17831,14847
508,12855,4328,4427,17866,14769
612,13584,4785,4595,17901,14434
693,13173,4829,4615,17897,14645
583,13166,4368,5897,17724,15000
511,13109,4598,4443,17491,14066
528,13065,4383,4460,17480,14681
0,12928,5579,5558,17720,15089
604,13106,4393,4298,17736,15242
360,12118,4593,4422,17435,14570
372,13264,4537,4371,18053,14552
310,13251,4733,4558,18334,14566
0,13272,3172,4205,17636,14828
772,13339,5241,4341,17679,14724
86,13499,4809,4393,17774,14660
530,13282,4745,4576,17732,14176
608,13123,4553,4479,18028,14640
516,13220,4615,4288,17881,13632
181,13250,4541,4745,17964,14497
1089,13124,4405,4476,17941,14562
676,13079,4474,4269,17578,14752
908,13397,4607,4573,17919,13821
430,13185,4477,4347,18231,14802
690,12480,4607,4269,17947,14697
640,13175,4607,4210,17919,14643
582,13096,4136,4341,17503,14711
552,13240,4607,4352,17733,14743
539,13483,4834,4708,17882,15293
444,13560,5287,4129,17919,15333
625,13121,4272,4240,17899,14672
791,13352,4933,4682,17882,15058
750,13320,4607,4611,17961,14725
287,13696,4376,4137,17918,14770
625,13436,4607,4478,17717,13768
940,13260,5167,4599,17840,15195
877,13533,4889,4607,17777,13521
548,13402,4700,4567,17479,13782
799,13480,4803,4271,17317,14685
734,13349,4721,4740,17914,15023
848,13206,4510,4421,17558,14522
621,13206,4435,4325,17680,14534
518,13569,4249,4753,17919,14801
811,13570,4764,4570,17816,15242
579,13377,4497,4190,17714,14686
441,13522,4535,4292,17680,14241
900,12873,4253,4305,17871,14663
343,13477,4565,4306,17638,14572
0,13236,4795,4614,17706,13898
732,13246,3946,4657,17900,14814
480,13332,4842,4630,17748,13692
304,12924,4448,4274,18122,14570
441,13015,4418,4252,17496,15108
535,13354,4737,4378,17657,14553
465,13065,5089,4470,17912,14404
545,13040,4296,4208,17354,15040
885,13396,4561,4504,17919,14344
509,13259,2960,4524,17768,14429
520,13269,4619,4568,17890,14845
1086,13576,4757,4585,17688,13525
804,13484,3912,4446,17744,13221
0,12222,5288,4672,17639,14847
133,13137,4367,4219,17952,14708
0,13252,3676,4634,17997,14532
816,13371,4363,4383,17663,14647
475,13128,4437,4434,18063,14475
539,13180,4801,4253,18052,14433
449,13250,5620,4106,17681,14986
465,13239,4513,4317,17626,14546
644,13568,3641,4631,17770,14269
681,11225,4912,4693,18276,14347
576,13256,4642,4454,17978,13823
914,13360,4678,4928,18033,14764
694,13200,4963,4318,17444,14847
1246,13344,4650,4618,17790,14221
511,13332,4745,4410,18506,14410
511,13446,4924,4312,18026,14631
725,12651,4507,4362,17525,14030
510,13384,4815,4396,18027,14732
688,13443,4771,4245,17919,15428
412,13214,4547,4331,17652,14643
695,12955,4928,4492,18328,14376
713,13432,4780,4779,17809,14554
317,12826,4360,4226,17730,14864
0,13092,4376,3780,18501,14555
706,13317,4757,3480,17919,14466
418,13240,4487,4468,18050,14404
392,13066,4907,4318,17343,14811
377,13214,3904,4318,17751,14538
755,13259,4607,5240,17569,14686
825,13269,4697,4393,17333,14554
449,13085,4384,4494,17688,14568
542,13422,4425,4492,17813,15141
410,12353,4288,3933,17879,14944
476,13124,4463,4298,18065,14745
242,13000,4505,4236,16977,14760
376,13227,4752,3932,17920,14250
870,13572,4820,4630,18028,14683
0,13496,4157,4497,17919,14656
544,13192,5699,4308,17067,14825
198,13564,4807,4760,17838,15103
455,13460,4735,4790,17732,14533
1513,12992,4461,4465,17745,14547
579,13795,4568,4457,17648,14620
859,13197,4838,4625,17698,14833
912,13328,4653,4549,17675,14422
640,12980,4607,4416,17506,14088
308,13040,4983,4233,17813,14719
1497,13392,4709,4672,17936,14402
586,13277,4607,4543,17450,13574
386,12968,4629,4297,17949,14517
623,13138,4933,5198,18224,14363
712,12030,4382,4576,17785,14639
425,13063,4549,3722,17740,14565
816,13425,4467,4640,17896,14889
550,13440,4716,4467,17882,15827
470,13117,4534,4235,17701,14600
488,12888,4457,4426,17915,14616
559,13457,4762,4536,17886,14453
585,13082,4510,4517,17816,14834
449,13145,4652,4266,17919,14714
428,13043,4404,4294,17525,14699
547,13213,4561,4404,18739,14870
692,13186,4331,4298,17294,14704
592,13288,4649,4596,17716,14377
427,13338,4438,4221,17033,14847
1114,13061,4432,4432,17990,14528
511,12799,4190,4311,17788,14835
806,13123,4754,4645,17384,14786
346,13261,4639,4297,16833,14649
724,13136,4262,4270,16663,14802
939,13237,4561,4607,18693,14618
533,13260,4615,4517,18074,14505
237,13173,4899,4504,17705,14595
157,13134,4676,4445,18290,14687
498,13334,4547,4590,18331,14425
470,13100,2733,4170,17868,14880
386,12814,4467,4364,17919,14691
674,13402,4856,3778,17931,14379
0,12318,4104,4337,17595,14709
1218,13245,4606,4532,17874,14279
468,13388,4564,4234,17912,15301
854,12958,4550,4582,17685,14430
450,13107,4917,4337,16412,14781
784,12865,4220,4358,18056,14688
551,13157,4773,4519,17664,14700
0,13246,4050,4690,17919,15094
401,12965,4482,4386,18345,14685
532,13071,4498,4464,17416,14793
528,13254,4852,4473,18044,14172
569,13551,4899,4690,17904,14519
277,12881,4437,4351,20154,14784
642,12799,4765,4506,18348,14148
418,13158,4341,4391,16895,14719
684,13120,4382,4430,17961,14549
420,13518,4834,4874,17827,14413
1064,13096,4538,4312,17785,14380
604,12962,4580,4504,17901,14512
329,12890,4492,4535,17988,14464
641,13268,4607,4360,17451,14568
511,13197,4771,4553,17690,14495
348,13129,4026,4709,17768,14446
689,13020,4793,4542,17634,12972
920,13336,4752,5037,17807,15072
836,12933,4646,4987,17919,14695
822,13380,4841,4694,17776,13959
776,13497,4599,4505,17353,14522
92,13048,4473,4262,18013,14277
812,13500,4682,4853,17685,15108
1125,13314,4610,4569,17865,14365
466,13130,4464,4565,17730,14875
0,13906,4605,4505,17532,14678
1408,13138,4258,4728,17769,14420
482,12878,4268,4222,18033,14861
503,12549,4566,4293,17625,14072
582,12710,4651,4457,17326,14847
511,13437,4512,4686,18672,14404
580,13460,4922,4734,17940,15498
642,13386,4187,3968,17985,15151
528,12880,4755,4160,17740,14835
733,13000,4402,4224,17919,14850
292,12889,4397,3458,18034,14829
351,12865,4274,4352,17918,14797
434,13424,4676,4452,17714,13712
883,13589,4570,4378,18072,14847
197,13080,4553,4379,17492,13815
480,13271,4829,3785,17868,14366
511,13336,3776,4416,18034,14664
465,13177,4586,4274,17465,14525
505,13455,4132,4610,17614,14269
853,12912,4358,4625,17867,14716
336,13071,4541,4473,17772,14923
1177,13266,4519,4559,17809,15658
149,13558,4346,4250,17641,14835
649,13192,4448,4614,17880,14416
511,13250,4644,4200,17614,14686
694,13909,4734,4698,17986,14414
524,13336,4208,4258,17998,14679
303,13201,4688,4461,17656,14613
712,13392,4753,4598,17884,14353
605,13531,4527,4664,17919,15404
536,13098,4465,4524,18147,14584
336,12960,4607,3904,17864,14976
509,13098,4264,4204,18043,14847
551,13322,4457,4361,17569,15232
403,12930,4476,4315,17797,14084
580,13016,4537,4258,17828,14783
109,13160,5637,4108,16900,14237
511,13206,4607,4378,17640,14844
533,13350,4870,4615,18546,14376
604,13047,4041,4677,17898,14517
674,13062,4487,4383,17886,14684
24,12799,4565,4148,17840,14773
766,12330,4607,4506,17935,14562
336,13131,3900,4363,17899,14952
492,13376,4455,4122,17668,14359
541,13404,4985,4607,17900,14363
511,13230,5080,4388,16287,14787
797,13254,4576,4607,17480,14628
714,13506,5792,4580,17508,15389
515,13512,4644,4395,17612,14519
533,13016,4453,4368,17134,14784
336,13376,4384,4717,17709,14667
707,13426,5062,4513,17767,14806
509,12818,4405,4353,17996,14528
853,12872,4630,4640,17781,15406
334,13024,4287,4337,17897,14847
545,13455,4725,4516,17880,14586
763,13541,4844,4607,18067,15789
657,13441,5293,4498,17713,14748
237,13052,4364,4258,17610,14678
400,13252,5870,4299,17797,14881
742,13121,4607,4518,18029,14533
733,13418,4692,4704,17919,14568
719,13143,4704,4696,17871,14571
511,13346,4780,4521,17778,14376
685,14017,4638,4441,17856,15186
616,13620,4650,4477,17922,14847
816,13168,4623,4530,17760,14434
511,13117,4472,4395,17556,14658
444,13250,4823,3870,17975,14144
548,13236,4423,4451,17622,14500
1273,13205,4343,4244,18126,14847
526,13010,4607,4323,17919,14611
452,13238,4552,4479,18090,14793
1225,13041,4428,4457,17714,14532
175,13129,4531,4408,17923,13340
464,13077,4525,4337,18156,14591
448,13039,4548,4102,18102,14759
384,13482,4129,4252,17650,14672
843,13026,4764,4596,17720,14895
393,13515,5054,3958,17900,15022
560,13249,4607,4520,18850,14665
1440,13177,4607,4570,17800,14276
320,14096,4827,4185,17897,15136
427,12926,4530,4227,18512,15341
678,12913,4440,4101,17742,15056
556,13277,4712,4388,17899,15215
418,13344,4664,4439,17565,14478
720,13388,4706,4540,17671,14469
416,13097,4379,4607,18033,14867
