sensor 1, sensor 2, sensor 3, sensor 4, sensor 5, sensor 6
1160,7136,4339,4949,12907,16117
1381,7679,4979,5357,13124,15178
1172,7381,4262,5194,12864,15962
1284,7393,4717,5190,12833,15871
1224,7051,4453,5868,12831,16530
886,7618,4056,4874,13000,16245
1096,7572,4514,5357,13514,15963
1274,6979,4982,5427,13211,16698
989,7190,4194,4245,13040,16554
1293,7500,4604,5405,13214,16151
1326,7427,4473,5028,13974,16194
398,6804,4227,5001,13048,16241
1024,6390,4538,5432,13472,16246
779,7851,2649,4738,13069,15936
1237,7674,4607,5166,12794,16295
1093,7596,4152,4939,13013,16127
1076,7311,4245,4965,12964,16424
1186,7449,5323,5088,12785,16218
1032,7303,4352,5088,13049,15991
1381,7349,4405,5471,13090,16713
1224,7362,4454,5461,13379,16078
721,6941,4286,4427,13220,16177
842,8317,4184,4821,13041,16489
2064,7394,4116,4942,13124,16395
945,7224,4822,4795,13483,15910
1361,7257,4532,5272,13036,15871
1094,7679,4676,5609,13286,15986
1538,7451,4551,5257,13051,15712
1184,7696,4732,5284,13158,16741
1358,7650,4605,4969,13172,16790
977,6900,4233,4546,13594,16263
973,7447,4412,5019,12755,16142
1488,7332,3389,5248,13397,15945
1208,7029,4355,4816,13378,16186
923,7492,4651,5459,13008,15946
1284,7573,5231,4946,13075,15871
1396,7962,4509,5290,13085,15725
1045,6978,4398,5355,13557,16317
1493,7068,4794,5420,13107,16024
1133,7291,4607,4816,12620,16290
1032,8521,4125,4497,13214,16332
214,7324,4437,5034,13427,16171
684,7588,4531,5088,12857,16144
716,8108,4174,4928,13108,16440
1533,7472,4636,5148,13222,16776
1277,7271,4470,5301,13344,16136
764,7039,4445,4840,12401,16622
1222,6100,4307,5201,13352,16172
510,7260,5249,4814,13124,16475
1138,7560,4664,4824,13122,15146
950,7332,3531,5165,13012,16095
1344,7632,3574,5440,13072,16422
1285,7428,4661,4423,13152,16166
3583,7118,4641,5464,13192,16201
1949,7382,4400,5080,14062,16051
796,7302,4448,5089,13080,14855
632,7209,3240,5076,13174,15107
1268,7400,4607,4604,13533,16256
1060,7413,4328,4959,12978,15824
1309,7744,4604,4945,12912,15292
976,7513,4770,5349,13321,15441
938,7569,4607,5048,12715,15899
926,6615,3600,4918,13316,16165
1115,7501,4478,5194,12920,16450
1260,6954,4607,5204,13368,15902
1300,7521,4607,4506,13539,15906
886,6604,4172,5010,12893,16435
1116,7585,4864,5083,13690,16021
860,7356,4134,5211,12646,16215
721,7105,3191,5100,13110,16284
1050,7574,4393,5156,12799,16063
1086,7040,3981,4968,13391,16008
1731,7555,4444,5322,13052,15958
1320,7692,4627,5208,12865,16082
1360,7445,4573,5121,12874,16107
1152,7308,4433,4552,13197,16188
1430,7547,4713,5451,13087,16033
872,7345,4577,5012,12799,16327
849,7344,4525,4987,13238,16093
932,7202,4432,5001,13348,16151
992,7769,4512,5229,13097,16494
853,7208,4507,5039,12939,16155
1082,6996,4134,4890,13536,16337
1390,7677,4210,4325,12967,16155
872,6956,4174,4852,13245,16523
1047,5394,4181,5124,13460,16344
1151,7349,4050,4827,12637,16652
996,7211,4449,5975,12823,16562
887,6933,4515,5976,12912,16414
792,6911,4154,4936,13267,16234
658,7391,4453,5719,13431,15889
1162,7489,4528,4830,13030,16309
936,7087,4579,5198,12933,16166
1440,7766,4682,5315,13091,15931
1111,7453,4676,4948,13359,15999
1445,7396,4717,5246,13229,16976
1158,7308,4410,5496,13287,16113
1058,7376,3593,4959,13334,15828
862,6992,4685,4822,12339,16459
776,7180,4607,5133,13106,16163
990,7225,4516,4957,13100,16822
874,7194,4318,4977,13340,16889
884,6906,4124,4898,13391,16410
1253,6848,5316,4808,12951,16333
1740,7598,4607,5492,13122,15606
956,6611,4600,5406,12932,16002
1128,7764,3488,5237,13064,16040
828,7602,4200,4975,12914,16384
1204,7339,4022,4589,13452,16427
1139,6998,4662,5231,12866,16818
0,7088,5451,4723,12948,16388
1092,8264,4038,5003,13059,16220
1204,7104,4460,5294,12788,16505
1432,7311,4638,5329,13108,16596
1302,7374,4289,4781,13242,16043
746,7282,4833,5029,13135,16152
1181,7558,4697,5348,12799,16115
1395,7548,4521,5325,13054,15935
548,6829,4624,5176,12943,16214
964,6978,4426,4909,13011,16424
1153,7474,4622,5028,12945,16454
1297,7208,4169,5022,12383,16185
1281,7390,3760,5141,13010,15897
1335,7406,4002,4946,13262,16195
1337,7244,4520,5389,13146,16119
1200,7364,4473,4937,13017,16154
1220,7315,4477,5145,13217,16088
1423,6984,4847,5836,13519,16512
1300,7291,3914,5072,12905,16282
1149,7342,4556,4855,13037,16071
1089,7205,4587,4626,13561,15499
893,7268,4705,5487,13107,16798
760,7274,4534,5069,13376,16150
860,7182,4348,5196,13113,16159
982,6976,4384,5007,13334,16148
1239,8008,4460,5046,13208,16758
793,7256,3756,5171,13134,17033
2300,7209,3884,4660,13266,16392
1163,7433,3936,4973,12891,16186
825,7396,4491,4987,12722,15062
766,7422,4477,4930,13029,15788
786,7516,4375,4964,12928,16227
748,6658,4198,4985,12963,16157
375,7669,4710,5328,13179,17455
1158,7068,4721,4427,13499,16717
1359,7234,4233,5051,12885,16214
1328,7454,4607,5341,13012,15854
860,6835,4213,4845,13146,16476
1406,7411,4848,5371,13115,16064
1072,7273,4232,4845,13461,16205
1042,7212,3757,5035,13416,15891
1097,7078,5185,5216,13179,16391
1255,6948,4304,5329,13226,16234
1065,6976,4187,4810,13569,16287
978,7404,4011,5046,13255,16145
1198,7417,4320,4814,12789,16673
1193,6978,4333,5083,13535,16131
1325,7304,4194,5033,13338,15363
1047,6906,4308,4836,12942,16014
1176,7418,4552,4863,13278,16312
3000,6873,4607,5631,12995,15968
1237,7564,4607,4515,13226,16080
808,7258,3888,5043,13386,16199
1241,7549,4651,4852,12813,16322
896,7062,4536,4928,12890,16535
1114,7306,4569,5181,13532,16106
904,7904,4137,4872,13072,16307
1132,7511,4363,4968,12937,16211
1118,7261,4829,5190,12978,16358
894,7215,4368,5142,13108,16184
981,7304,4424,4978,13000,15928
894,7079,4305,4969,13331,16332
1317,7679,4665,5303,13436,15210
961,7317,4292,4937,13037,16274
778,7012,4512,5577,13088,16394
824,6598,4198,4293,13109,16437
2102,7433,4613,5487,13377,16141
1564,7784,4030,4836,13069,16433
1434,7468,4607,5149,13224,17162
1154,7835,4010,5036,13266,16306
1344,7522,5062,4945,12058,16340
887,7345,4120,5130,12880,16202
1278,7872,4161,4720,13088,16221
1326,7609,4616,5328,13569,16154
1265,7758,4607,5350,12946,15991
1203,7099,4356,4943,12909,16229
1472,7421,4597,5768,13054,16433
1344,7667,5092,5308,13228,15946
887,7481,4421,5600,12976,16314
1361,7300,4513,5527,13060,16031
1353,7170,4366,5244,12927,16245
1066,7753,4612,5072,13160,16359
1092,7295,4312,5679,13193,16342
1280,7445,4569,5284,13080,16002
1026,7286,4412,4944,13250,15429
698,7403,4219,4964,13057,15944
1130,7403,4521,5026,13437,16046
853,6957,4414,5650,12923,16537
1138,7592,4605,5631,12972,16236
778,6992,4328,5098,13092,15578
1324,7340,5189,5848,13091,16280
719,7176,4458,5162,13592,14818
1432,7809,4365,5323,13010,16022
957,7034,4456,5141,13545,16087
102,6925,4217,4841,13060,16455
1197,7631,4354,4844,13025,16132
863,7248,4208,5214,13384,16097
1040,7367,2937,5166,13234,15892
1459,7571,4443,5297,13207,16811
1120,7237,3804,4844,13147,16336
1404,7497,4630,5261,13450,16946
848,7378,3659,4845,13033,16345
562,7433,4485,5296,13352,16040
1134,7062,4737,4624,13116,16088
1274,6735,4642,5487,13068,15734
1104,7539,4475,4986,12796,15306
1324,7339,4710,5363,13166,16050
1220,7642,4297,5266,13158,16072
802,6953,4380,5000,13449,16274
788,7770,4054,3778,13630,16456
859,7473,4351,4792,11962,16680
846,7024,4496,4826,12693,18929
1259,7923,4505,5326,13108,15871
1095,7596,4515,5026,12842,16665
554,7479,4648,5253,12758,16107
1220,7273,4169,5181,13405,16018
1036,7223,4533,5084,13130,16229
999,7545,4848,5063,13125,16724
1103,7248,4234,4938,13462,16498
964,7232,4379,5157,13126,15904
762,7010,4244,5083,13091,16306
1304,6748,4548,5597,13154,15907
1316,7657,4792,5374,12872,16016
1572,7018,4993,5378,12961,15964
1128,7358,4340,4721,12961,16304
1183,7348,5588,4994,12955,17063
967,7120,4223,4852,13511,16240
1312,7592,3800,5054,13122,15241
0,7028,4923,5770,12910,16317
895,7242,5178,4804,12932,16459
672,7032,4251,4650,12817,15785
1159,7606,4620,5146,13148,16292
1136,7537,4605,5270,13422,16119
944,7244,4542,4910,13588,16310
1038,7294,4700,4843,12310,16666
1320,7391,4607,4264,13534,15968
920,7191,4292,4937,12666,16531
1162,7188,4394,5019,13334,16270
882,7101,4145,2543,13249,16260
1248,7530,4748,4613,13454,16016
1260,7750,4447,5133,12913,15994
1864,7374,3935,5458,12982,16043
947,7278,5631,5082,12408,16064
1218,7311,4340,5060,12667,16329
838,6867,4425,5075,13165,16401
830,7114,5538,4607,12502,16818
964,7465,4509,5000,12956,16053
907,7382,4377,4928,12813,15717
1064,7414,4463,4844,13345,16023
739,7352,4784,5013,13044,16341
1554,7604,5076,5488,13110,16732
920,6874,4197,4784,13606,15697
1110,7444,4502,5201,12907,16643
4098,7996,4617,5450,13592,15871
1218,7510,4673,4880,13212,15907
786,7120,4221,4842,12791,16117
1055,7441,4860,5806,13046,16242
1069,7009,4248,4772,13532,16254
1448,7473,4523,5594,13004,15901
1038,7788,4376,5173,13192,15635
1158,7444,4411,5265,12912,16040
1111,7524,4549,6179,13048,16240
1236,7332,4723,5208,13454,16106
1258,7919,4549,4826,13172,16104
740,6848,4360,5013,13107,16458
928,7900,4186,4987,13357,16693
94,7061,4409,4948,12905,16338
1504,7985,4533,5301,13362,15892
955,7358,3733,5180,13234,15806
513,7206,3528,5042,13162,15058
1078,7309,4525,5201,13121,16096
789,7606,4546,4944,13076,16072
1146,7530,4607,5161,13647,15954
1174,7120,4368,5145,12994,16456
1129,7244,4482,5154,12989,16320
1357,7214,4101,5076,12813,16110
1195,7534,4624,4408,13723,15871
2157,7065,4152,5136,13500,16016
964,7651,4277,5211,13193,16177
1162,8314,4614,4917,13396,15917
1106,7247,3868,5026,13275,16630
828,6772,4191,4945,12840,16402
910,7265,4400,5212,13073,15584
1321,7249,4812,5356,13120,16855
1227,7323,4607,5324,12898,16080
1170,7200,4499,4844,12777,16440
910,8016,4182,4827,12968,16444
1124,7176,4104,4915,13379,16640
850,7333,3764,4857,13184,13209
1358,6971,3947,4997,13317,16201
833,6743,4202,4810,13332,16501
1056,7335,4370,4313,13607,16124
1509,7657,4607,5461,13146,15833
72,7033,3825,4978,12984,15635
1611,7304,5303,4720,13125,16228
965,7449,4775,4508,12911,15737
874,7792,4243,4284,13438,16254
1161,7282,4299,4871,13006,16395
827,6999,4536,5565,13043,16193
1047,7837,4228,5401,13151,16500
2095,7568,4618,5324,13168,15758
1196,7331,4530,5075,12873,16050
1026,7108,4452,4944,13437,16158
1351,7437,4591,5218,13052,16042
990,7316,4520,4630,12872,16550
788,7316,4489,4939,12829,16014
933,6950,4297,4101,13241,16282
1041,7521,4548,5082,12835,16320
1467,7352,4760,5377,12984,16022
1162,7333,4372,4825,13322,16328
1296,6945,4484,4904,13907,16608
1156,7208,4436,4881,13526,16150
1452,7561,4656,4927,12678,16320
1104,7392,3301,5030,12799,15248
1101,7243,4429,4840,13209,16142
1120,7275,4554,4908,13381,16086
1315,7142,4500,5142,12856,16166
1810,7215,4584,5442,13167,16452
1216,7216,4347,4439,12675,16247
1141,7395,4234,5026,13317,16201
832,7035,4492,4981,13399,16289
727,6956,4025,4837,13112,16181
511,7266,4607,5255,12873,16153
1380,6836,4306,4896,13316,16563
1334,7229,4981,5216,12970,15889
977,7554,4365,5629,12976,16356
1250,7530,4631,5035,12690,16350
1131,7488,4224,4832,13238,16462
1185,7484,4128,5328,12869,16049
945,7463,4506,5261,13095,16500
1454,7345,4252,5077,13011,16361
1463,7029,4498,5204,13033,16105
1280,7297,4858,4416,13838,15871
797,7381,4212,5294,13001,16880
1040,7474,4401,4930,12925,15819
1216,7302,4612,5127,13055,15948
964,7467,4251,5302,13165,16753
1726,7237,3282,4949,13024,16338
872,7401,3904,4848,12787,16412
629,7417,5256,5544,13085,16728
1440,6654,4474,5080,13378,15951
1380,6948,4200,4862,12453,16440
502,7191,4410,5148,13449,16210
766,7050,4126,4948,12868,16489
780,7504,4552,5264,13314,16038
596,7090,3892,4868,12799,16135
606,6930,4432,4947,13089,16456
777,6698,4189,4804,13554,16414
788,7095,4234,4981,13196,16169
1100,7202,3601,5052,12050,16016
1384,7544,4240,5171,13141,15982
511,7702,3702,4713,13037,16778
1029,7424,4673,5354,13654,16084
1100,7318,4458,5166,13285,16340
537,7037,4645,5348,13146,15853
1272,7038,4776,5425,13112,17111
1352,7340,4406,5354,13263,15977
961,7597,4207,4762,12829,16471
1361,7813,4452,5125,12962,16007
1188,7492,4566,5264,12855,16292
693,5781,4346,5270,12799,16498
1089,7504,4211,5023,13248,15915
1162,7048,4400,4979,13238,16214
4,7254,4260,4880,13058,16247
511,7121,4350,4986,13685,16224
936,7218,3789,5062,12822,15956
1480,7306,4508,5300,13125,15746
1414,7348,4989,4952,12648,15993
524,6984,4106,5622,12830,16336
586,7210,4132,4756,13008,16395
1274,7497,4558,5322,13143,16095
367,7404,4556,4896,13046,16417
1124,6655,4546,5339,12747,15924
1295,6924,4519,5164,12870,16100
1161,7051,4339,4810,12826,16194
784,7206,4189,4983,13219,16263
778,6976,4603,4722,13060,16281
946,7090,4607,5051,13347,16242
812,7753,3957,4660,13223,16349
1424,7347,4634,5236,13289,16484
943,7181,4280,4620,12984,16530
687,6900,4402,5004,13442,16124
1248,7402,3668,5138,13218,15875
1201,6968,3876,4999,13236,16120
1131,7679,4340,5023,12882,15541
1129,7604,4473,5462,12873,16016
0,7234,4431,5056,12792,16069
1272,7338,5264,4822,13159,16250
1119,7360,5092,5229,12214,16192
976,7429,5231,4772,12975,16392
1161,7556,4440,5218,12690,16245
1407,7373,4656,5509,12983,16348
1449,7323,4557,5332,12652,16582
1409,7235,4641,4524,13010,16501
1124,6248,4296,5211,13365,16011
1036,7497,4352,4964,12852,16067
1448,7213,4645,4933,13274,15846
613,7636,4238,4905,12894,15994
1191,7391,5557,5192,12833,16069
1560,7438,4539,5148,12986,15999
1331,7362,4706,5221,13378,16053
1411,7294,4311,5193,13456,16089
860,7045,3939,4715,13021,16355
952,6709,4127,4880,12789,16316
544,7052,4232,4808,13224,16231
538,7591,4728,5274,12881,15784
1000,7422,4803,5568,13036,15914
1778,7546,4497,5200,13144,15864
694,7080,4395,5171,13147,16255
1184,7143,5143,4888,12473,16489
853,6928,4106,5010,13173,16416
1166,6641,4607,5654,12935,15825
1236,6669,4442,5201,12797,16078
1140,7304,4541,4806,13245,16135
1001,6552,4331,4857,13002,16231
1423,7620,4623,5246,13068,15953
1733,7482,4448,5224,12887,16008
1338,6502,4360,5651,13183,16061
977,7209,4492,4485,13120,16254
704,7985,4224,4800,13078,16474
1117,7378,4489,5260,13072,16136
1292,6721,4265,5148,13234,16164
900,6378,4250,5135,13257,16126
993,7115,5899,5171,13029,16164
880,8496,4192,4928,13177,16036
822,6901,3998,4695,13418,16338
1535,7546,4429,5176,12928,15519
883,7380,4341,5090,12772,16475
1252,7296,3583,5302,13061,16582
1398,7637,4607,5198,12840,16117
960,7226,4377,5227,13102,16120
1298,7331,4517,5204,12886,16127
920,8308,4289,4864,13170,16386
1149,7216,4825,5457,13815,16545
1075,7017,4202,4812,13414,16328
951,7092,4280,4856,13181,15237
1266,7496,4668,5073,12650,16298
1088,7604,4576,5136,12734,14847
996,6870,4307,5312,13391,16160
779,7304,4990,5173,13368,16057
1529,7207,4805,4607,12361,16124
1034,7384,4515,5212,13162,15712
1742,7363,4481,5267,13152,15986
1445,7370,4616,5250,12853,15972
1064,7673,4454,5088,13067,15896
962,7916,4137,5368,12985,16110
1114,7776,4396,5123,13248,15912
1278,7722,4607,5367,13040,15780
1065,7314,4509,4893,13035,16008
1193,7704,4148,5143,12965,16249
845,7874,3990,4607,13183,16434
1429,7538,4694,4959,13234,16011
1139,7499,4847,5371,13544,15880
1183,7435,4618,4985,13152,16153
849,6979,4607,4920,12424,16579
1088,7540,4277,5022,13222,16213
1237,7441,4571,5253,12893,16097
1438,7834,4570,5500,12924,15896
1379,7464,4840,5421,12998,16016
909,7117,4364,4710,13505,16176
938,7104,5165,4894,13356,16270
1220,7852,4804,4918,13172,16353
1127,7232,4509,5235,13191,16089
870,7027,4453,4966,13173,16065
1430,7408,4600,4619,12882,16156
1114,7052,4515,5365,12767,16175
1061,6336,4229,5024,13352,16352
1720,7524,4197,5342,13110,15936
1214,7447,4694,5286,13172,15942
964,7656,4133,5058,12949,16087
1102,7483,4112,4996,12974,16291
1282,7550,4562,5172,13114,15831
1030,7282,4138,4819,13573,16188
1293,7396,4648,5130,12799,16011
859,7032,4508,5042,13384,16632
854,6746,4994,4682,12838,16442
1259,7989,4317,5004,12964,15968
1325,7294,4643,5351,13115,16197
973,7245,4286,4972,13477,16181
1165,7540,4620,5157,13161,16006
1148,7647,4653,5705,13193,15871
1028,7332,4674,5350,13048,16149
1100,7240,4231,4867,12854,16430
1285,7610,4381,4734,13376,16053
763,7785,4156,5618,12799,16248
967,6990,2292,4957,13229,15520
1271,7079,4551,5435,13190,15881
1284,7598,5258,5261,10688,16182
832,7065,4362,5066,13503,16168
1365,7593,4607,4981,13350,16049
1160,6751,4204,4891,13039,16351
1224,7357,4136,4849,12537,16166
885,7089,4348,4938,13128,16102
1034,7286,4975,4108,12768,16135
1240,7083,4602,4723,13038,16385
930,6164,4957,4689,12909,16644
1307,7764,4496,5285,12921,15942
976,7332,4716,5422,13204,16315
949,7239,4460,5123,12815,16296
1233,7241,4886,5456,13101,15854
1337,7720,5211,5348,12244,16005
1538,6281,4719,5132,13035,16315
1128,6718,4543,5421,13246,16056
704,8100,4356,4872,12994,16304
982,7188,4589,4742,12707,16257
1435,7504,4533,5160,13162,15804
1125,7392,4606,4994,12784,16460
939,7105,4295,4800,12591,15944
1359,7319,4534,5362,12999,15809
1420,7669,4308,5130,12921,15977
1075,7677,3946,5092,13182,16117
1401,7679,4607,5289,13047,15876
1473,6917,4192,5040,13015,16117
1052,7794,4017,4877,13015,16141
389,7324,4347,5073,13028,16310
881,7297,4449,5013,12875,16332
1088,7342,4398,5041,13281,16253
1232,7514,4016,5173,13022,15994
994,8069,4533,5438,13088,15896
1177,7194,5370,5248,12944,16251
1216,7312,4446,4657,13274,16302
973,7210,4320,4871,13415,16608
702,7228,3921,5501,12856,16248
1279,7513,4681,5193,13051,15910
995,7423,4256,5218,12987,16131
1493,8121,4217,4780,13276,16197
1316,7123,4570,5166,12909,15957
1357,7313,4841,5449,13233,16081
1161,7015,5018,5245,11991,16177
1205,7945,4011,4706,13281,16360
0,7072,4672,4512,13190,16263
1446,6397,4355,5345,13043,16122
845,7168,4443,5064,12999,17209
1258,7213,4383,5152,13318,16234
1061,7360,4938,5156,12893,15754
1149,7393,4508,5082,12931,16425
784,7678,4662,4436,13111,15892
1729,7699,4102,4897,13124,16154
832,6682,4175,4814,13086,16390
1370,6977,3964,5399,13470,16156
1198,7715,4278,5160,13418,15953
1352,6255,4600,5458,13622,16068
810,7428,4596,4848,11952,16556
1138,7719,4112,3978,13003,15819
960,7116,4265,4938,13376,16353
1188,7018,4607,4715,13456,16361
708,7324,4460,4825,13262,15940
678,7238,4424,4985,13039,16316
874,7488,4576,5631,12818,16035
3104,7381,4057,4656,13227,16157
1184,6964,4256,5259,13049,15872
838,7313,4304,5092,14410,16221
1243,7275,4376,5203,13104,16249
918,7246,4337,4856,13467,16287
642,7342,4433,4737,13124,16385
1372,7662,4450,5371,13261,16416
1081,6870,4293,5205,13264,16192
1137,7393,4298,4811,12951,16221
1426,7356,4633,4647,13064,16386
1250,8036,4428,5317,13338,16057
1285,7067,4221,5265,13069,16036
1060,7314,4344,5599,13037,15637
1133,7414,3809,5271,13004,14982
825,6999,4400,4843,13158,16297
977,7246,4380,3897,13072,16186
511,7021,4424,5610,13513,15871
931,8553,4026,4677,13164,16189
887,7040,4485,5133,13274,16228
936,5608,4122,4978,13024,16488
741,7266,2992,4936,13351,15560
1028,7072,4397,4772,13178,16325
1546,7141,4336,5176,13273,15212
1104,6420,4404,4984,13023,15871
850,7576,4294,5068,13120,15938
1271,7534,4607,5187,13040,16310
1451,7196,5060,4709,12355,16722
1216,7882,3792,5020,13288,16132
1068,6794,4408,5170,13270,15969
1399,7616,5362,5332,13061,15990
1619,7232,4310,5174,13423,16051
1100,7196,4388,5056,12817,16570
1066,7319,4313,5076,13455,16103
863,7017,4300,5049,13184,16176
1267,7334,4394,5028,12932,16263
2304,7232,4314,4954,13076,16312
764,6986,4233,4812,12850,16444
1084,7208,4534,5180,13426,16135
1030,7325,4429,5035,12961,15900
1104,7672,4688,4773,13346,15982
1370,7249,4607,5429,13389,17430
1155,6997,4291,5072,13110,16239
1085,7328,4493,5173,13193,16199
952,7468,4620,5024,13450,15021
1330,7482,4708,5194,13051,14726
1100,7525,4563,5540,12974,16000
1100,7074,4280,5039,13525,16004
976,7562,4144,4840,12879,16508
1253,7205,4560,5403,13262,15903
988,7404,4048,5076,12628,16213
1162,7285,4189,5185,13115,16406
1642,7513,4591,5250,13212,15876
1388,7485,4722,4607,13104,16006
1753,8438,3972,4919,13003,16153
1088,7208,4533,4607,13475,16199
1052,7236,4269,4792,12011,16342
1127,7208,4803,5387,13156,16408
1254,7400,4727,5087,13456,16077
785,7268,6068,4757,13215,16895
845,7479,3721,5187,13097,15868
784,7018,4348,4957,12785,16395
1406,7368,4229,4699,13102,16225
1134,7113,4488,4799,14113,16102
866,7032,4208,4823,13224,16424
1042,7303,3942,5172,13036,16210
1313,7889,4436,5068,13346,16053
844,7696,3732,3888,13484,16470
924,7617,4222,5024,13375,16013
1061,7288,4544,5045,12817,16236
360,7439,4912,5398,13162,16621
1110,7541,4329,4195,13000,16152
1211,7464,4407,5386,13060,16301
989,7243,4456,4754,13351,16497
1384,7286,4694,5082,12697,16114
902,6923,4728,5666,13081,15872
1284,7019,4358,4762,12502,16312
951,6911,4033,4722,13282,16185
1554,6984,4458,5147,13100,15866
1250,7621,4260,5433,12917,16147
530,7268,4825,5358,13180,16539
1360,6809,3866,4794,13179,16279
1205,7243,4664,4454,13714,16748
1235,7482,4629,5252,13038,16650
1224,7177,4323,5009,12649,16263
1512,7524,4578,5286,13106,15800
1328,7274,4418,5139,12828,15742
1365,7436,4524,5382,12914,15871
1259,7650,4324,5035,13202,15955
853,7183,4484,4358,13030,16244
1372,7643,4810,5326,13089,15893
912,6613,4331,5136,13259,16181
1124,7402,4196,5372,13173,16467
982,6984,4526,4880,12532,16493
1153,7500,4456,5228,13386,16093
1153,7347,4455,5061,12917,16234
933,7056,4432,4953,13071,16225
990,7522,4141,5060,13142,15705
598,7045,4692,4952,12971,16289
1220,7442,4528,5196,11708,16109
1114,7574,3793,5185,12790,15898
1194,7423,4517,5178,13396,15918
1523,7350,4773,5168,13264,16895
713,8307,3940,4937,12952,16343
1256,6380,4442,5867,12559,16452
152,7235,4402,5056,13406,16057
913,7135,4184,5330,13250,16357
604,7617,4600,5029,13120,15850
855,7530,4675,4737,13086,16181
1069,7022,4710,4332,13412,16193
1344,7319,3951,5227,13263,16338
1272,7026,4048,4903,13066,16047
43,7464,4421,4987,12902,16534
1035,7253,3301,4848,12895,15871
1325,7683,4757,5202,13118,15882
801,7582,4469,5220,13285,15969
1348,7784,4212,4678,13201,16126
984,7112,4334,4981,12888,16438
2194,7304,5495,4818,13240,16311
948,7696,4247,4963,13337,16048
964,7488,4223,5043,13210,15938
964,7360,4001,4663,13176,16432
765,7080,4501,4859,12604,16438
1321,7097,4202,5080,12892,16019
1238,7428,4607,4902,12683,16248
1535,7220,3991,4777,12318,16647
1952,7135,4348,5131,13806,16101
1119,7544,4652,5001,12888,16180
1356,7343,4021,4840,12865,15590
1174,7269,4396,3984,13494,16079
1305,7210,4596,5168,13044,15908
1136,7520,4681,5503,12577,16387
672,7769,4266,4890,13016,16450
1347,7436,5324,4830,13056,16117
1308,7008,4322,5062,12625,16247
750,6982,4043,4826,12200,16578
946,7283,4375,5614,12986,16293
1344,5700,4180,5547,13352,16668
516,7749,4173,4757,13135,16401
1535,7503,4587,5387,12909,15919
1453,7974,4607,5354,13118,15829
1173,7112,4979,4110,13088,16470
996,7448,4548,5655,13416,16074
962,7441,4607,5192,13192,16225
1773,7378,4503,5236,12408,16026
1158,7341,4895,5008,13461,16290
942,7383,4912,4874,13024,16462
1024,6613,4248,5136,13378,16396
1065,7506,4394,4995,13318,15836
649,7177,3297,4966,13142,16023
1371,7340,4370,5336,12966,17077
1114,7374,4333,5286,12983,16743
978,7367,4271,5035,13216,16022
662,8036,4368,5064,13321,16072
1195,7679,4377,5025,13179,16023
1696,7051,4421,5161,13088,15988
1040,7497,4116,4663,13078,16519
676,6935,4316,4953,13035,16554
1229,7206,4308,5137,13324,15846
1034,7324,4765,5257,13140,15924
1847,7393,4646,5441,13264,15814
1412,7390,3926,5380,13322,17091
901,7189,4336,5172,13392,16239
1216,8100,4494,5235,13860,15980
1385,5820,5274,4897,12814,16328
1701,7475,4489,5273,13522,15925
761,6994,4319,5005,13093,16848
836,7022,4352,5035,13208,16133
1404,7232,4607,5362,13060,15871
382,7670,4771,5265,13034,16000
1994,7470,4712,5435,13160,16336
818,7282,4494,5186,13076,15467
1188,6504,4635,5569,13125,15733
873,7021,4442,5362,13066,16259
1494,7282,4374,4928,13224,16135
755,7321,4499,4841,13033,16423
278,6081,4351,4672,12955,15268
1270,7659,4640,5238,13099,15775
1565,7509,4436,5188,12847,16110
934,7332,4582,5243,13168,14875
1041,7347,4590,5037,13092,16187
908,6293,3968,5092,13209,16503
1125,7353,4339,4822,13029,16685
952,7089,4576,4928,12948,16633
1473,7320,4607,5216,13004,15914
1296,7212,4713,5009,13112,16042
695,7104,4383,4916,13360,16282
1204,7360,4386,5442,13259,15780
1575,7659,4770,5193,13028,15227
953,7354,4496,5259,13800,16137
742,7294,4237,6252,13031,16358
1044,7074,4381,4986,13426,16257
921,6856,4035,4672,13450,16323
1383,7679,4502,5138,13138,15869
624,6886,4314,4928,13608,16360
741,7220,4216,4920,13276,16226
956,6986,4543,3866,13846,16258
1199,7400,3583,5040,13831,15302
1237,7083,4452,4607,13331,16330
765,7055,3613,5008,13198,14926
1163,7570,4223,5381,13209,15854
978,7540,4199,5025,13316,15919
1186,7406,4554,5351,12841,16147
2488,7207,4708,4834,13090,16142
1432,7679,4699,5339,12972,16045
1184,7566,4688,5208,12746,15270
957,7424,4437,6002,12996,16267
1346,7719,4823,5035,13356,15886
1408,7141,4128,4977,12768,16070
802,7286,4440,4997,13349,16080
1321,7666,4756,5245,12944,14917
897,7264,4192,5250,13106,16232
192,7365,4145,5312,13396,16254
2826,7244,4325,5152,13496,16139
954,7578,4360,5036,12736,15903
1185,7298,4624,6157,13221,16109
1288,7655,4697,5210,13237,16248
1036,7424,4374,4962,12899,16325
1200,7080,4328,5848,13072,16293
1100,7476,4490,5138,12950,16384
1076,7346,4690,5192,13559,15986
1090,7079,4276,5001,12381,16099
0,7390,4619,5401,12933,15805
668,6742,4174,5074,13008,15984
1034,7308,4548,5126,13190,15321
1466,7468,4672,5461,13068,15871
950,7375,4560,5896,12567,16562
738,7306,4988,5334,12650,16929
1145,7289,4565,5156,13125,15978
1306,7430,4724,5256,13055,15821
1077,7397,4372,5064,12996,16358
1166,7286,4100,5004,12848,16262
906,7013,4320,4883,13423,16409
1332,6564,4678,5732,13104,15951
890,8208,4337,4772,13233,16307
950,7120,4416,4924,13208,16122
954,7175,4499,5713,13008,16340
1350,7252,4596,4760,13196,16932
750,7172,2636,4849,13020,15063
942,7471,4128,4890,12918,16042
979,7220,4811,5040,12751,16485
1309,7666,4532,5156,13168,16180
1142,7176,4328,5236,13410,16044
53,5876,4405,5240,12896,15436
1208,7362,5438,5307,13000,15308
1249,7468,4591,5066,12964,15506
1078,7432,4270,5646,12889,16126
650,8051,2965,4840,12850,16297
964,7434,4352,5746,12786,16159
1359,7808,4337,4300,13334,16021
987,7007,4421,5039,13393,16091
1112,7242,4597,5066,12745,16004
986,7026,4607,4918,12792,16340
1069,6693,4326,4971,13114,16330
1029,7267,4399,4866,13251,16098
940,7648,4703,5631,13072,15887
1176,6701,4018,4922,13415,15909
1204,7598,4440,5166,14130,16045
1386,7652,4600,5529,13209,15863
676,6750,4276,4936,13227,16434
951,7924,4650,5307,12789,16213
220,7028,4634,5685,13339,16445
1372,7265,4394,4939,13033,16561
1289,7828,4650,5260,12544,16421
651,7503,4808,4874,13121,16334
1104,7236,4210,5054,13360,16169
1201,7632,3693,5034,12854,15578
1222,7406,4900,4618,13533,15919
944,7260,4180,4990,13109,16108
1352,7049,4307,5366,13074,16000
1081,7970,3896,5055,13026,16408
1115,7344,4544,4261,13126,16203
1073,7257,4604,4945,13276,16190
820,7407,4480,5025,12688,16272
1304,7498,4784,5385,13748,16097
1520,7633,4394,5204,13149,15871
972,7348,4387,5029,13234,16045
1069,7352,4607,4956,13133,16730
1055,7423,4346,5072,13284,16047
1522,7000,4156,5034,12929,16166
1611,6993,4425,4609,13207,16389
1041,7533,4293,5176,12927,16109
1152,7397,4244,5239,13215,15877
1074,7136,4364,5018,13692,16212
1080,7402,4576,5160,13144,15933
920,7730,4386,4938,13043,16359
1364,7565,4894,5184,13167,15921
1138,7440,4575,5293,13057,17260
1244,7401,5517,5486,13081,16310
1325,6506,4506,5590,12970,15990
1089,7422,4574,4974,13131,16152
1701,7671,4580,5304,13139,15951
933,7384,4560,5267,13251,16132
985,7964,4202,4791,13212,16286
1337,6853,4316,5242,13198,16182
1095,7054,4490,4816,13208,16292
1220,7626,4673,5228,13218,15853
2656,7701,3753,4718,13028,16290
1293,6308,4656,5599,13114,15871
1481,6509,4669,5631,13172,15942
1450,7669,4880,5440,13069,15842
949,6675,4212,4458,13584,16193
960,7248,4744,5193,13085,16179
904,7264,4260,5025,13286,16895
1788,7490,4495,5237,13195,15672
1662,7616,4536,5392,13148,15874
1237,7494,5313,5190,13179,16328
964,7308,4222,5014,13036,16250
1122,7396,4753,5238,13016,15874
1121,7343,4330,4945,12875,16186
1170,7204,4333,5040,13365,16299
1237,7658,4154,4999,12983,16127
712,7209,4184,4958,13182,15787
1817,7053,4232,4051,13504,16032
1138,7308,4672,4489,13988,16046
937,7526,5149,4786,12960,16217
1552,7325,4157,4901,13251,16175
1070,7414,4462,4929,12968,16042
898,7197,4374,5264,13176,15583
828,7294,4462,5196,13238,16032
1109,7142,4345,4874,13029,16265
880,7328,4554,5020,12805,16208
1414,7545,4724,5408,13153,16008
1056,6987,4500,5444,13060,16354
1364,7288,4764,5136,12202,16315
219,7461,4589,5089,13109,15901
1168,7472,4500,5020,12799,15145
870,7488,4328,5128,12986,15682
978,7110,3082,4805,9842,15635
506,7103,4364,4933,13244,16253
917,7023,4286,5076,13224,16204
852,7840,4242,4939,13065,16272
1130,7580,4269,5224,12226,16136
791,7621,4595,5241,13123,15871
1402,7554,4700,5460,13152,16103
1049,7384,4624,5265,14381,15928
1266,7120,4245,4889,12912,15628
1000,5835,3993,4995,12851,16302
692,6904,4337,5024,13193,16356
1170,7528,4138,4954,13001,16130
1174,7058,4760,4872,13413,15994
511,5372,4232,4912,12943,16492
755,7701,4017,4796,13246,16235
1268,7186,4203,4006,13312,16328
352,7306,4255,5610,12849,16121
990,7283,4634,5124,13669,16067
1369,7057,4585,5124,13059,16048
1376,7643,4676,5381,13016,15886
768,7393,4607,5696,13087,16395
1392,6741,5021,4940,13143,16215
288,6813,4519,4626,13548,16809
1192,7491,4485,5202,12157,15458
1140,7624,4056,5077,13163,16000
1261,7048,3649,6168,13021,16507
1218,7130,4341,4256,13217,16082
0,7402,4516,5176,12739,16093
785,7868,4172,4860,13060,16109
1065,7088,4280,4819,13137,16298
1213,7275,4298,4819,12976,16201
1052,7413,4470,5040,13018,16253
1193,6448,4201,5024,12987,16471
1298,6600,3583,4625,13178,15938
1110,7418,4610,5349,13141,15753
1168,6541,4168,5290,12851,16463
1063,6841,4212,4950,13075,16250
784,7607,4309,4918,13063,16304
1167,6836,4557,4436,13784,16054
1168,7336,4557,5269,13048,16093
1461,7309,4256,5336,12892,15993
1445,7352,4278,5145,12796,16066
842,6858,4288,4937,13537,16406
1408,7276,4114,4284,13528,16480
1032,7139,4437,5418,12092,16460
804,6926,4222,4892,13166,16169
836,7333,4449,5897,12844,15458
666,7460,4728,4993,12583,16290
960,6939,4328,5184,13236,16833
928,7072,4125,5416,13463,16095
705,6896,4422,4979,13608,16225
610,7596,4180,4742,12724,16498
907,7445,3627,5007,13010,16156
1414,7797,4318,5631,13217,16144
522,7261,4403,5852,12994,16448
1173,7168,4316,5144,13174,16227
1106,7511,4165,4737,12996,16095
852,7946,4220,4570,13234,15906
0,7546,5631,4616,12048,16576
1453,8017,4672,5367,13098,15854
810,7120,4506,5130,13499,16182
1118,7184,4508,4318,13218,16348
1181,6850,3743,5138,13416,16125
1580,7671,4520,5316,13276,15871
1372,7301,4166,5022,12551,16080
834,7042,4177,4820,13555,16092
1149,6958,4325,4852,13041,16242
1254,7413,4320,5448,12970,15957
1141,7434,4426,5244,12678,16307
1595,7136,4477,4486,13434,16438
1144,7194,4010,4241,13781,16185
1162,7736,4331,5131,13416,15946
1225,7627,4356,4989,13036,15873
0,7969,4495,4987,12899,16268
982,7185,4424,4839,13526,15534
1216,7383,4685,5342,12171,15977
947,7354,4571,5018,12866,16138
1220,7088,4284,4795,13018,15897
1396,7180,4744,5340,13231,16489
1515,5366,4740,4612,13595,16012
793,8159,4041,4768,13052,16052
1656,7259,4277,5237,13418,15882
1386,7261,7350,4291,13402,16336
1215,7287,4320,5097,13330,15672
647,7284,3611,5037,12794,16425
2137,7404,4983,4875,13163,16247
1222,7666,4650,5650,13173,16001
785,7199,4360,5072,13348,16318
1535,7043,4607,4725,13476,16683
2106,7834,4938,4836,13061,16446
1407,7295,4659,5485,13096,12877
1136,7336,4557,5631,14074,15892
1390,7709,4689,5349,13026,16068
1344,7332,4607,5288,13128,16895
1089,7092,4452,4870,13133,16400
652,7860,4607,4686,12799,16559
1387,6928,3873,4830,13198,16245
1091,7389,4814,5409,12600,15988
1133,7283,4609,5348,13034,16606
1358,7699,4447,4962,13163,17084
1398,7109,4178,4946,13183,16306
1132,7340,4460,5026,13194,16209
907,6980,4475,4772,12956,16346
1483,7232,4608,5305,13036,16572
1091,7437,4544,5029,13068,15389
787,7306,4464,5171,13078,16219
222,7529,4619,5196,13086,16389
1138,7210,4436,5021,13201,15263
1052,7324,4346,5011,13380,16066
1266,7855,4226,4888,13015,16125
384,6855,4272,5044,13558,16235
1000,7304,4440,5291,13393,15913
1000,7232,4167,4808,13450,16152
908,7428,4592,5242,12799,15989
760,7129,4233,5018,13172,15992
1168,7293,4468,5060,13728,16016
1096,7206,4406,5036,13211,16290
1203,7405,4464,5137,13257,16165
1160,7327,5620,5192,13438,16500
1058,7442,4560,5178,13200,16047
994,7246,4550,5180,12949,16188
511,7621,4596,5124,13024,15881
964,6655,4479,5648,12992,16496
1134,7490,4144,4989,12950,16354
1156,6982,4824,4972,13268,16238
1466,7272,4300,5068,12924,15884
1352,7372,4373,4928,12832,16200
192,7360,4400,4966,13055,16582
1093,7232,3892,5019,12960,16310
454,7361,4607,5312,13167,16143
939,6931,4365,4816,13366,15572
0,7006,4271,4990,12987,16385
626,6996,4313,4133,13549,16389
950,6070,4137,5222,13183,16220
192,7201,4375,5034,13392,16110
1524,7557,4729,4956,13196,16104
1260,7679,4280,5664,13590,16054
616,7361,4569,5168,13328,15986
957,7294,3955,5369,13065,17020
1285,7463,4769,5067,12889,15959
1275,7496,4624,5022,12802,16173
1096,7241,4557,5033,12879,16061
1250,6444,4453,5030,13482,16092
797,7464,4536,5743,12925,15998
1077,7492,4464,5225,12936,14854
631,7111,4222,4872,13429,16133
992,6698,4446,5138,12763,15485
736,7093,4312,4976,12832,16539
716,6956,4547,5060,13608,16279
965,7479,4351,4995,12873,16092
1385,7369,4604,5163,13323,15584
1243,6925,4145,4976,13444,16180
1279,7207,4781,5264,12846,16566
794,7269,4274,5041,12804,16082
860,6951,4451,5056,13378,16296
860,7208,4376,4938,13278,16120
1300,7539,3788,5334,13183,15535
1278,7788,4337,5224,13288,15892
1166,6978,5051,5385,12584,16612
458,7541,4713,5092,12860,16174
1498,7416,4188,4994,13450,16115
1227,7889,4426,5164,12892,15933
819,8044,4437,4497,13654,16135
785,7202,4337,4889,13127,15996
1654,7236,4448,5289,12973,15922
1386,8206,4246,5168,13845,15871
1237,7632,4607,4607,13285,16778
897,7327,4596,4904,12052,16457
1038,7439,4357,5298,13054,16336
976,7381,4700,5030,12587,16253
988,7495,4879,4954,12693,16137
1521,7051,4944,5429,13083,17087
1332,7632,4607,5061,13131,15300
1088,7638,4423,4862,13052,16229
988,7768,4250,4937,13352,16071
1062,7385,4452,5252,12904,16272
993,7211,4607,4748,13327,16395
556,7283,4334,5149,13137,15920
1175,7352,4737,5405,13168,15775
1062,6655,4386,5215,12966,16410
960,7512,4324,4197,13580,16314
1149,7144,4668,5223,12507,16448
1168,7387,5034,4966,12993,15802
713,7119,4571,5132,12823,16091
1365,7881,4484,5234,13850,15885
1272,7679,4706,5343,13437,15995
1092,7632,4486,4922,13047,16554
730,7232,4266,4851,13312,16192
1444,7657,5332,5212,12812,16157
915,7283,4203,5028,13197,16288
1044,7085,3342,5132,13111,16091
811,6808,3087,4984,13159,16650
1150,7616,3945,5265,13176,15880
943,7458,4602,4624,13152,16448
1244,7518,4666,5172,13098,16015
1332,7429,4480,4914,13420,15938
1186,7534,4792,5218,13057,15871
1230,7338,4375,4819,13328,16177
1308,6831,4575,5401,13009,15984
457,6905,3996,4937,13510,15081
787,7092,4445,5248,13122,16184
1223,7643,3816,5267,12906,15704
1656,7390,4200,4850,12968,15452
1574,7542,4578,5227,13031,15626
906,7372,4484,5162,12957,15490
760,7269,4291,5017,13236,15852
995,7232,4528,5423,13256,15958
1609,7644,4577,5360,13088,15720
1338,7679,4639,5187,13196,15988
1275,7679,4722,5385,14190,15997
1311,7661,3784,5253,13658,15376
1192,7475,4717,4993,13222,15817
1104,7274,4738,4968,12223,16463
596,7034,3834,4902,13068,15871
1587,7489,4421,5510,13146,15896
1195,8006,4102,4880,13150,16256
1413,7296,4768,4486,13480,15891
1290,7459,4971,5015,12090,16097
944,7529,4333,4986,12871,16048
1029,7067,3966,5046,13164,16119
1188,5824,4341,5331,12958,16044
1135,7300,4909,4801,13994,16088
1506,7268,5270,6360,13220,16224
1178,7253,5052,5453,13240,16639
1290,7640,4392,5231,13468,16120
842,7313,4507,5076,12787,16159
720,7122,4240,4881,13196,16260
1232,7182,4224,5002,12245,16212
1188,7513,4573,5025,13524,16077
865,7302,4343,5588,13129,16423
1216,6895,4556,5207,13208,16450
1504,7184,5395,4704,13482,16319
705,7196,4241,4939,13239,15871
1123,7552,4700,5195,12896,16110
1088,7360,4354,4983,12876,16080
1229,7081,4304,4933,13194,16404
1205,7425,4800,5208,12318,15723
751,7063,4784,5368,12997,16529
1089,7451,4359,3921,12842,16232
763,7838,4106,4982,12949,15804
1038,7200,4324,5158,12832,16456
874,7252,4385,4714,13212,16404
1222,7254,4339,4944,13177,16198
910,7702,4564,5501,12981,16334
1136,7285,4558,5417,13072,16036
505,7324,4564,5448,13762,16024
1108,7193,4560,4817,12985,16244
987,7806,4185,4980,13096,16286
1027,7043,4782,4817,12419,16706
1080,7236,5083,5170,13271,16615
1298,7421,4513,4342,13042,16255
778,6844,4439,5148,13822,16267
756,7070,4106,4825,13269,16238
991,7104,4250,4672,13109,16436
1072,6512,4244,3968,13081,16114
1266,7504,4594,4795,13130,16317
1050,7289,4461,4997,13391,15920
1475,7208,4456,5124,13126,16131
2061,7547,4612,4961,13228,15954
1242,7258,4540,5222,13235,15871
666,7130,4288,5132,13273,16101
1269,7820,4465,5265,12982,15894
1121,7689,4658,5267,13165,15893
978,7368,4015,4914,13381,16146
689,7234,3501,5226,12841,15902
1240,7430,4680,5357,13218,15794
1257,7513,4555,5130,13173,15901
913,7456,4144,4971,13392,16169
1065,6570,4193,5238,13342,16247
1160,7233,4410,4923,13364,15232
681,7405,4498,5346,13278,17053
1239,6408,4499,5387,13078,15871
788,6690,4113,4864,13099,16387
773,7213,4403,4941,13181,14980
730,7191,4285,4804,12898,15808
1236,7427,4444,5169,13546,15864
1898,8132,3870,4734,13125,16142
1462,7223,4617,6352,13328,16192
987,7345,4456,4477,12923,15704
1061,6998,4514,4586,13371,16012
1282,7423,4776,4200,13473,15873
660,6832,3445,4731,12972,16393
1564,7140,4822,4538,13203,16848
1796,7378,4537,5395,13233,16065
1154,7233,4656,5416,13248,16143
661,6880,4221,4498,13177,16267
971,7278,4607,5172,13008,16334
1312,7253,4440,5152,13323,15978
1256,7274,4390,5263,13362,15902
1533,8243,4319,5174,12865,15924
1064,7048,3746,4697,12709,16124
1043,7019,4432,4678,13089,16623
1208,7345,4877,5080,12119,15746
1754,7232,4794,5221,13228,16348
899,7204,4343,4857,13470,16300
1253,7475,4604,5045,13212,15795
967,10320,3728,5048,13224,15264
886,7385,3633,5705,13000,16096
1352,7575,4780,5156,13910,16086
875,7175,4369,4922,13837,16462
1076,7092,4504,4957,13149,16061
1238,7263,4826,5087,13137,16157
1094,7455,3366,5524,13210,15654
41,7192,4417,5072,12791,15874
1418,7391,4410,5167,13823,15865
894,7414,3316,5071,13107,15054
908,7557,4214,5004,13256,15964
352,7387,4620,5252,13153,16540
1077,7330,4276,4990,12762,16156
1147,7135,4232,4930,11016,16159
1133,7254,4986,4957,12981,16092
1141,7184,4280,4813,13392,16112
799,7244,3703,5033,13244,15649
1114,7588,4712,5247,13229,16101
951,7452,3317,4977,12943,15783
952,7070,4798,4820,13764,16401
1234,7791,4637,5248,13080,15871
308,6787,4199,4961,13839,16290
1103,7297,4235,4672,13498,16169
1398,7679,4662,5305,13047,15912
1579,7488,4695,5285,13128,15845
1809,7544,4521,5193,12982,16040
1129,7576,3290,4960,12827,15851
960,7067,4396,5392,12313,16399
993,6959,4128,5013,13175,16340
1218,6216,4685,5401,13012,15967
380,6701,4297,5342,12829,16090
952,7092,4520,5226,12907,15920
652,7413,4874,5122,13218,16233
1065,7241,4510,4869,13154,16294
584,7336,4409,4850,12926,16273
1403,7548,5037,5077,12326,17205
795,6935,4112,4694,13542,16487
1088,7211,4493,5201,12507,16984
1191,7654,4696,5273,13196,16242
300,7521,4416,5236,14031,15910
891,7467,4694,5137,12714,16124
1065,7354,4832,5128,12301,16708
1704,7181,4302,5045,13573,16058
964,7510,4542,5001,12591,16260
1240,7008,4220,5090,13395,16142
743,7093,4280,4796,13312,15952
1063,7474,4616,5031,12552,16298
1073,7434,4700,5144,13636,16153
1097,7290,4724,5021,13386,16083
1220,7242,4260,5045,13098,16171
1496,7203,4820,5148,13073,16463
1535,7513,4421,5377,14044,13832
992,7417,4393,4643,13111,16516
908,7124,4392,5013,13035,16872
1090,7472,4519,5003,11933,16400
1036,7234,4192,4853,13002,15993
1305,7929,4492,5185,13118,15682
864,7093,4268,5016,13173,16185
1109,7213,4458,4766,13026,16484
1545,7374,4273,5068,12888,16001
1065,7705,4219,5060,12657,16140
720,6839,4168,4941,12927,16122
1096,7082,3665,4978,12779,15582
1532,7845,4353,5175,13120,15871
1058,7003,4360,4623,13133,16461
1071,7843,4389,5184,12875,16039
1068,7583,4509,4918,12039,16300
1220,7586,4250,5321,13055,15601
1004,7588,4210,5049,13398,16026
1118,7247,3456,4917,12415,16015
1123,7197,4013,4690,13054,16611
496,7232,4726,4848,13541,16405
792,7522,4514,5036,12736,16035
45,7294,4720,5188,12840,16185
1484,6812,4604,5488,13248,15892
1277,7185,4607,5326,12795,15927
925,6999,4288,4880,13352,16167
1474,6502,4567,5042,12951,16332
1100,7377,4235,4895,13238,16238
1304,7219,4322,5141,13023,16190
1025,7121,4719,4672,12826,16216
1216,7679,5122,5295,12238,16145
1116,7512,4512,5370,12856,15987
988,7396,4705,5211,13038,15903
1246,6403,4428,5474,13033,16386
937,7627,4193,4965,13088,16385
1147,6932,4329,5178,13249,16210
567,6099,4224,5136,13120,16240
1185,7547,4632,5384,12830,15849
1066,7028,4382,5357,13219,16027
1039,7192,4398,5073,12952,16139
1165,6974,4393,5286,13165,15915
921,6803,4304,5070,13287,16239
1135,7447,4125,4713,13406,15996
1259,7424,4535,5414,12974,16162
1374,7228,4688,5466,13075,16041
1444,8090,4596,5357,13206,16788
970,7418,4489,4961,12836,16170
1078,7283,4311,5397,13041,16247
504,7179,4267,5014,13360,16138
1134,6829,3788,4808,12524,16233
1088,7594,4667,5660,12964,15925
1253,6354,4496,5252,13560,15944
916,7175,2937,4857,12750,15860
1112,6710,5254,4607,13285,16740
1312,7176,4629,5125,13315,15871
951,5705,4312,5649,13381,16144
790,7206,4122,5901,13324,16143
1384,7455,4950,5089,12448,16073
1172,7579,4616,5577,13248,16022
1702,7278,4302,4830,13106,16247
897,7232,4034,4932,12894,15870
1271,7209,4213,4979,13452,15989
984,7532,4304,5296,13044,16209
377,7448,3800,5375,13401,16601
971,7332,4516,5075,12938,16412
990,7243,4520,5057,13274,16084
966,7124,4395,4398,13510,16407
936,7457,4185,4960,13083,16690
1298,6539,4416,5245,12846,16098
1176,7536,3872,5276,12953,15945
468,7354,4586,5269,13373,15987
855,7187,3648,5302,12954,16472
725,7213,4236,4825,13229,16258
977,7495,4861,5803,13068,16800
1472,7468,4304,4970,13532,16152
840,7232,3690,4959,12804,15707
1137,7057,4175,5199,13009,16082
1394,7381,4212,6530,12925,16068
1448,7592,4868,5313,13044,16032
1532,6655,4101,4851,13573,16129
965,7568,4240,5224,13261,16034
1094,7474,4607,5287,12799,16147
556,6151,4232,5156,12640,16099
1044,7112,4680,5351,13185,16188
860,7259,4484,4810,13412,16421
1316,7577,4670,5363,13221,15871
928,7328,3820,5230,13331,16263
869,7463,3976,4352,13273,16512
1364,7178,4607,5804,13276,16064
1061,7113,4157,4781,13444,16194
841,6956,4341,4810,13364,16465
1392,7499,4777,5003,13096,16055
1700,7471,4796,5305,13170,15873
768,6976,4214,4826,13201,16243
1054,7317,4928,5861,12907,15871
1293,7296,4468,4347,13823,16195
717,7185,4162,4975,12895,16272
1198,7513,4100,5141,14152,15955
945,7348,4586,5139,12960,15922
939,7030,4475,5017,13336,16153
1152,7474,4686,4916,13227,15867
937,6730,4100,5610,13183,16292
1310,7412,4425,6005,12715,15437
851,7036,3848,4848,13284,15910
682,7111,4040,5341,12799,16415
951,7440,4311,4985,13077,16418
980,7550,4542,5017,13362,16158
1227,7004,4212,4505,13853,16201
1619,7479,4168,4996,13330,16261
1190,7544,4732,5231,13160,15843
1344,7616,4556,4920,12925,16139
1280,7639,4221,5028,13170,16136
1281,7679,4912,5177,12347,16030
693,7433,4376,5180,13035,16233
1028,7273,4211,5042,13367,16272
1482,7560,3916,5184,12732,15890
681,7336,3413,5222,12821,15692
1348,7323,4488,5011,13322,16058
978,7224,4519,4452,13685,16060
1800,7255,4664,5040,13520,16197
704,7679,4617,5208,13812,15986
908,7407,4704,5187,12535,16148
1583,7214,4107,4649,13095,16542
1370,7654,4781,5262,13130,15865
964,7301,4420,4930,12882,16325
1166,7488,4685,4516,13312,15814
919,7728,4648,5165,13024,15845
767,8140,4106,4844,12318,16451
1109,7550,4555,5169,12963,16078
553,7532,4523,5003,12979,16052
1828,7359,4248,5048,13437,15894
1250,7500,4338,5259,13208,16120
1286,7182,4336,5040,13169,16140
832,7447,4595,5268,13097,16069
1275,7481,4586,5254,13110,15579
650,6955,4276,4810,13101,15984
1152,7246,4624,5136,13368,16179
929,7296,4425,4918,12778,16034
1171,7514,4578,5317,12989,15625
1344,7323,3802,5134,12854,15448
879,7398,4311,4996,13789,16119
1720,7376,4704,4636,13232,16114
1363,7190,3427,4816,13432,16148
802,6854,3885,4752,12832,16252
1067,7333,4783,4984,12577,16475
956,7438,4608,5120,13823,15776
1140,7308,4524,5602,13148,16144
1110,6160,4567,5134,12754,16172
908,7290,4349,5056,13356,16094
1200,7306,3931,4920,13426,16077
1846,7509,4525,5260,13130,15720
1608,7134,4840,5236,13139,16268
850,7320,4249,4998,13149,16054
798,6773,4046,4842,13349,16296
1141,7202,4607,5184,12895,16160
1225,7225,4346,4122,13214,16268
1352,7436,4524,5007,13175,16053
577,7068,3914,4780,13365,16320
1173,7232,4487,5319,13324,16635
1377,7571,4844,5256,13391,16206
904,6991,3218,4634,13503,16247
857,6920,4429,3867,13477,16419
925,7204,4458,5013,13254,16038
1316,7283,4319,5190,13055,16118
1176,7003,4128,5484,12994,16480
1747,7441,4422,5049,13194,15992
870,7360,4288,4836,13369,16027
252,7450,4503,5050,13746,15871
1136,7425,4524,4996,12918,15456
761,7124,3960,5392,13052,15959
1344,7218,4595,5214,12908,16078
542,7667,4740,5439,13288,15871
1026,7021,4527,4505,13173,17174
1235,7339,4605,4838,13150,15779
1472,7575,4607,5673,13129,15900
703,7428,4398,5288,13147,16330
720,7013,4203,4902,12969,16419
1189,6952,4607,5348,12920,15960
1161,7332,4650,6194,12957,16228
714,7105,4225,5035,13405,16190
1346,7650,4480,4783,13099,16224
980,7188,3199,4896,12432,16211
1236,7407,4427,5226,12794,15769
1248,7116,5001,6104,13369,16229
1432,7202,4522,5053,13520,16084
1130,7333,4330,4432,13415,16162
1236,7369,4567,4356,13924,16085
609,6784,4228,4929,13267,16347
936,7355,4672,4872,13342,15871
764,7443,3166,4779,13401,15552
994,7251,4460,4958,13320,16570
1109,7303,4720,5241,13152,16110
960,7290,3608,5324,13054,15403
766,7208,4382,4996,13328,16262
1095,7531,4583,5065,12944,16420
1050,7226,4989,5440,13197,16744
1033,7494,4263,4774,13420,16060
1061,6969,5336,4956,13328,16433
1334,6979,4060,4827,13320,15990
1154,7679,4251,4930,13435,16012
1385,7486,4662,5450,13182,15828
1412,7536,5042,5148,12667,15966
905,7206,4032,4968,13252,15916
963,8042,4245,5047,12828,16180
1520,6890,4611,5087,13096,16036
1111,7421,4508,5160,12614,16077
1213,7330,4549,4890,12512,16208
920,6949,4255,4296,13746,16008
957,7402,4673,5156,13832,16003
1243,7059,4164,4811,13262,16700
1329,7034,4533,4576,12889,16850
1124,7458,4647,4395,13190,15758
1780,7588,4607,5389,13356,15801
960,7170,4287,5055,13202,16269
886,7260,4212,4454,13662,16157
834,7220,4334,5411,13387,15871
1029,7294,4300,4962,13422,16029
948,7379,4424,5905,12866,16505
3076,7301,4544,4299,13847,15951
1323,7449,4616,5292,13340,15981
1062,7332,4546,5032,12974,16007
738,7740,4216,4701,13256,16833
787,7671,4655,4607,13185,15944
1365,7188,4050,5190,13212,18664
1420,7509,4252,5045,13120,16657
896,7224,4384,5260,13314,16070
858,7403,4424,4865,12962,16246
1565,7580,4665,5301,13072,15685
1231,7584,3564,4825,12957,16112
997,7225,4138,5152,13204,16640
1504,7744,4298,4350,12979,16094
1145,7428,4528,4873,13179,15996
1267,7400,4611,4826,13263,15944
488,7211,4417,5774,13371,16164
1082,7454,4607,4771,13195,16267
1085,7296,4208,5074,12688,15320
461,7288,4607,6024,13132,16173
1105,7023,4213,4658,13385,16119
1321,7573,4607,5005,12333,16492
907,7174,4596,5091,12368,16324
929,7189,4440,4787,13361,16296
1807,7702,3892,4464,13176,16254
1404,7191,4327,5082,13780,16081
1963,6786,4030,4987,13051,16387
350,7679,4641,5277,13346,15842
800,7319,4756,5024,12372,16629
1194,7510,4445,5094,13379,15954
1287,6712,4376,5149,13201,16160
1034,7171,4160,4844,13317,16399
761,7181,3567,4840,13090,15963
1241,7576,4685,5228,13208,15871
869,7241,4742,4607,13393,16352
1146,7447,4636,5200,13395,15981
1535,7512,4304,5474,13068,15649
900,7768,4513,4884,12572,16425
0,7078,4232,4873,12868,16208
1142,7450,4520,5131,13230,16293
1199,7629,3117,5277,12905,15436
960,7016,4472,4607,13133,16344
1276,8034,4279,5205,13192,15972
1305,7716,4192,4948,12836,16040
4,7425,4593,5350,14095,16832
1029,7123,4474,5611,12799,16394
1053,7510,3192,5194,12777,15485
832,7288,3008,5019,13386,15284
834,6772,4271,4829,13048,16260
1478,8037,4607,5284,13211,15872
820,6940,3834,4401,13273,16241
917,7081,4621,5209,13365,16124
1070,7108,4301,5045,13000,16173
942,7121,4285,5009,13386,16280
806,7522,4496,4872,12295,16455
1067,7338,4567,5169,12998,16284
1044,7534,4267,5078,12899,16099
802,7037,4256,4779,13240,14943
960,7366,4600,4510,14016,15889
797,7140,4352,5064,13201,16103
788,6961,2991,4221,13175,16220
903,7273,4165,5000,13406,16183
1216,7723,4600,5257,13974,15757
1198,7677,4484,5165,12902,15997
1090,7268,4643,5345,13320,16152
1186,7409,5065,4884,13148,16600
1056,7214,4587,4950,12726,16392
932,6712,4200,4642,12968,16560
1322,7593,4554,5070,13344,15804
970,6966,4174,4971,12990,16285
1202,7794,4531,5077,14056,16033
833,6940,4149,4737,13186,16395
1220,6958,4632,5152,13038,15871
962,7183,4521,4212,12873,16096
978,6979,4338,4939,12757,16396
876,7409,4209,4870,13056,16182
1188,7268,4502,5631,13092,16468
813,7732,4112,4792,13080,16206
1448,7338,4853,5312,13002,15992
988,7146,4350,5010,13381,15905
1061,6990,4220,4675,13523,16657
865,7138,4340,4955,13000,16314
519,7272,4168,5261,13423,16145
152,7403,4480,4904,12944,16084
1914,7029,5521,4805,12799,16461
1309,7544,4816,5200,12984,15871
1131,7218,4825,5549,13201,16153
1377,7568,4888,5343,12492,16004
1208,7513,4742,5250,13018,16010
925,7349,4735,5280,13232,16037
760,7406,4357,5752,12859,16106
1674,7322,4633,5344,13260,15801
424,6797,4026,4800,13146,16309
1200,7502,4352,5085,13352,15959
967,7256,4322,5887,13473,16204
1300,7278,4389,4910,13261,16468
1066,6256,4282,5209,13074,16476
1044,7329,4387,4985,13418,16004
1584,7318,4127,4874,13008,16396
842,7104,4424,4775,13393,15869
1754,7679,4764,5350,13057,16003
1681,7588,4580,5385,13157,15871
1301,7716,4428,5284,13080,15790
1636,7412,4718,5290,13241,15803
1118,7355,4561,5122,13193,15988
916,7416,4573,5456,12889,15513
467,6104,4037,5086,13456,16324
1222,7218,4408,4912,12845,16254
1276,7584,4536,4940,12874,15729
1124,7385,4389,4999,12828,16355
980,7105,4217,4885,13376,16757
1158,7264,4309,4928,13506,16097
1328,7198,4128,5327,12799,15991
1004,7564,4634,5152,13823,16049
1203,7250,4379,5033,13217,15488
1141,6974,4227,4965,12671,16056
997,7322,4327,5012,13345,16637
1028,7009,4785,5327,13268,16412
1166,7052,4565,3583,13024,16415
1109,6344,4222,4219,13429,16119
1143,7245,4351,4617,13460,16025
595,7192,4679,5197,13417,16046
1143,7253,4236,4931,12897,15967
1069,7111,4304,4932,12759,16484
1207,8568,4253,5248,14013,16005
750,7684,4021,5029,13018,16328
1199,7372,4245,4722,12968,16164
1436,6978,4607,5415,12941,15871
1175,6994,4503,4841,13236,16144
1402,7927,4574,5237,13666,15944
735,8836,4103,4923,13051,16068
1277,7350,4607,4392,13641,15961
232,6785,4185,3724,13819,16398
1668,7679,4360,4765,13255,16152
1961,7314,3585,4856,13064,16076
909,7170,4010,5005,13520,15958
1357,7572,5064,5252,12504,16104
1808,7645,4607,5200,13524,15885
1200,7234,4397,5086,13787,16120
1323,7704,4533,5299,12889,16048
680,7295,4361,5938,13055,16426
1446,7808,4607,5381,13334,16183
960,7377,4342,5272,13033,16576
701,7321,4348,5130,13192,16094
1058,7302,5331,4978,12691,16237
1406,7708,4362,5144,13064,15946
1461,7232,5152,6059,13131,16090
991,7128,3864,4619,13152,14750
1304,7744,4378,5289,12939,15889
889,7248,4013,4660,13151,16267
2429,7383,4039,4693,13408,16119
1154,7195,4450,4695,13002,16458
864,7124,4334,4801,13149,16352
1057,7402,4870,4928,12979,16327
960,7238,4587,5374,13026,16996
1193,6859,4405,4909,12983,16225
1988,7284,4766,5825,12892,16464
1045,7632,4631,5518,13010,15871
1183,7679,3421,5252,13062,15688
972,7525,4577,5032,12672,16232
688,7039,4656,4836,13394,16690
1027,7544,3609,5001,12848,15871
974,6294,4155,5408,13415,16209
1253,7380,4730,5130,12520,16188
367,7421,4398,5586,13074,16053
985,8676,4410,5057,13339,16165
629,6980,4314,5032,13183,16138
840,7016,4466,5034,13676,16583
1168,7108,4324,4945,13088,16163
1220,7056,4250,4762,13398,16403
272,7576,4754,5241,12868,15924
1115,7473,4441,5291,13010,16132
815,7338,4532,5018,13451,16032
1245,7528,4673,4908,13234,15962
1202,7448,4263,5290,13388,16073
1325,7369,4502,5010,12187,16120
1108,7423,4954,5025,13752,15962
1345,7506,4762,4690,13319,15300
1092,7292,4168,4842,13197,16241
1366,7204,4467,5227,13188,17083
1535,7286,4271,4607,12945,16150
1205,7568,4708,5881,13181,15742
1252,7650,4454,5145,13194,16019
1346,7478,4574,5343,12885,16013
1452,7124,4781,4848,13349,16287
1502,7493,4632,5020,13172,15986
1133,7241,4523,4700,13700,16657
1497,8246,4424,5231,13163,15794
888,7074,5310,5384,12973,16296
1308,7523,4582,5361,13285,15876
806,7129,4525,5154,13192,15656
1206,7594,4792,5173,13148,15916
0,7679,4488,5041,12895,15387
1238,7346,3342,5467,13179,16182
1349,7665,4651,4538,13045,14773
1364,6976,4056,4963,12735,15433
832,7280,4407,5019,13261,16009
1305,7548,4139,4896,12975,16101
1309,7388,4682,5128,13222,15831
2125,6848,4000,4942,13222,16284
1199,7019,4473,5314,13280,16017
1147,7056,4441,3640,13644,16064
1131,7254,4381,5145,12960,16288
1739,7211,4178,5056,12852,15993
1348,7859,4512,5255,13048,15871
1295,7888,4528,5248,13055,15685
1348,7186,4456,5211,13392,16112
749,6728,4370,4644,11775,17997
1372,7596,5052,5212,11989,16096
511,7426,4518,5026,13045,15926
910,7126,4606,5418,13268,15996
1172,6781,4426,5222,13231,17438
619,6914,4335,4978,13194,16300
746,7232,3838,4926,12888,16082
558,6908,3948,5035,13243,16347
1826,7295,4338,3933,13559,16334
0,7437,4484,5078,12930,16104
1226,6180,4342,5086,13523,16109
984,7744,3975,4963,13144,16164
780,7092,4731,5048,12576,15744
1460,6216,4749,4868,13216,16336
1173,7576,4614,5313,13383,15869
878,7077,2926,5394,12136,16104
879,6894,4401,5260,13192,15828
1388,7312,4479,5011,13045,16344
1226,7679,4554,5142,13564,15910
1139,7535,4687,5054,14005,15937
945,7033,5078,4607,13145,16397
1241,7586,5641,4437,12648,16673
1535,7437,4213,4770,13006,16511
795,7324,4250,4838,13075,15496
1427,6947,4022,5069,13083,16018
584,6784,4406,4997,12810,15263
1124,7311,4578,4556,13399,16161
1281,7752,4428,5082,12999,16350
935,7496,4570,5481,12835,16145
1140,7136,4819,5716,12928,16434
1325,7501,4662,4871,12980,16194
876,6991,4376,4272,13144,16221
1089,7407,4672,4607,13463,15936
862,7214,4550,4765,13093,15748
1297,7506,4880,4821,13421,15854
1190,7196,4387,5084,13257,15849
990,7045,4578,4727,13096,16333
1353,7294,4467,5269,13224,16789
949,7106,3400,4934,13263,15183
1506,7280,4607,5064,13036,16068
1494,7214,4398,5329,13446,15871
1061,7073,4025,4952,13236,16384
1094,7460,4607,5020,14007,15762
1432,7322,4327,5727,13093,16331
1219,7297,4884,5242,12564,16016
969,7341,4316,5369,13065,15808
455,8391,4256,5474,13256,16256
704,7086,4060,5189,13552,16258
891,7542,4206,5047,12750,16046
1368,7449,4525,5121,13064,15569
1344,7138,4240,5184,13361,16064
964,6926,3985,4852,13220,16207
1157,7236,4357,5081,13141,16421
1104,7204,4214,4852,13531,15887
1074,6779,4333,5075,13764,16159
1286,7622,4058,4931,13312,15995
679,7020,4176,5178,12817,16566
1076,7434,4460,5161,12965,15920
1082,7679,4042,4899,13452,16093
1399,7408,4491,5284,12406,15989
977,7217,4134,5345,13169,16667
898,6913,4413,4777,13172,16390
1370,6937,5343,5233,13218,15990
942,7436,3156,4969,12920,15641
1084,7053,4170,4817,13199,16421
532,7439,4366,5326,13461,16118
617,6992,4380,5024,13221,16260
1229,7413,4607,5631,14122,16048
901,7365,4489,5597,13008,16409
1302,7424,4372,5087,13066,15940
948,7105,3834,5004,13224,16145
1240,7024,4399,5196,13152,16238
1202,7532,4603,5065,12978,16828
759,6970,4437,4647,12449,16415
836,7304,4267,4770,12985,16480
812,7462,4496,5901,13420,15924
1391,8019,4057,5603,12977,16083
911,9820,4154,5007,13406,16035
1147,6964,3634,5611,12992,15792
1535,7106,4152,5169,13384,15898
1070,6740,4628,5031,12990,16440
315,7390,4474,5096,13497,15960
1163,7416,4418,5419,12981,15977
563,6800,4174,4904,13496,16312
835,6976,4182,4710,13256,16176
939,7273,4796,5024,12585,16269
948,7896,4416,4262,13913,16146
535,6942,4400,4966,12584,16444
894,7380,4424,5458,12799,16289
1287,7360,4960,5320,12658,15998
740,7194,4441,4961,13272,15446
939,7272,4379,5019,13264,15774
1069,7397,4481,5495,13018,15936
1089,5998,4401,5444,12831,16136
1205,7720,4175,5176,12798,15881
1030,7198,3664,5300,12946,15103
788,7062,4688,5162,13424,15914
897,7194,4362,4951,13247,15991
842,7232,4232,4679,13278,15760
1048,7301,4470,4990,13269,15951
1200,5999,4144,4687,13556,16226
1637,6954,3932,4908,13505,16488
1543,7316,4058,4823,13548,17005
1224,6992,4641,5304,13114,15862
1362,6730,4276,5062,13149,16138
1816,7276,4952,4689,13750,16290
1241,6897,3844,5326,13070,15066
1257,7402,3500,5260,13167,15184
2076,6734,4593,4788,12924,16509
1054,7402,3850,5065,12898,15926
1396,7446,4672,5040,13221,16016
1220,7480,4554,5214,12994,16127
1291,7349,4322,5133,13465,16047
1175,7390,4434,5198,12433,15261
1102,6544,4305,5136,13405,16071
1035,6232,4196,5002,12918,16212
1330,7572,4691,5165,12375,14112
1074,7244,4500,4616,13780,16081
0,7032,4750,5305,12894,15745
885,6961,4122,5831,13454,16048
937,6655,4225,5332,13513,16154
1126,7356,5344,4492,13149,16666
1159,7367,4632,5018,13034,16120
1079,7454,4716,5354,13847,16017
1501,7204,4489,4963,13381,15801
812,6921,4330,4957,13608,16271
1398,7621,4520,5206,13119,15907
1141,7206,4852,4509,13508,16416
1057,6270,4350,5054,13354,16232
744,6830,4335,3726,13056,16295
1100,7465,4525,5259,12872,16033
1028,7443,4416,5086,12986,16252
343,7232,5178,5075,13379,16040
1093,6982,4530,4615,13526,16345
1093,7271,4804,4928,12736,16270
1002,7350,4505,5057,12931,15818
1270,7681,4316,5157,13105,16041
969,7370,4638,5038,12040,15577
1738,6980,4140,4924,13638,15997
1316,7422,4426,4867,13041,16268
1111,7434,4607,5196,12871,16006
815,7340,4529,5351,13048,16278
1325,7363,4501,5072,13231,16062
323,7452,5273,5213,13228,16257
1190,7422,3516,4695,13533,16105
1486,7618,4788,5174,13143,15976
867,7056,4350,4323,13358,16058
1344,7333,4606,4949,13281,15921
1286,7396,4549,4936,13245,15952
837,7136,4262,4916,13615,16120
964,7424,4464,5241,13421,16008
846,6996,4026,4969,13063,16410
637,6952,4368,5028,13655,16176
1202,6216,4362,5222,13192,16769
1216,7385,4657,5184,13432,16111
884,7190,4607,5631,13321,16020
1554,7474,4594,5390,13175,16261
1064,6919,4340,4915,13384,16160
1382,7477,4465,5293,13220,15871
967,7262,4483,5016,13385,16127
1109,7679,4413,5482,13341,15809
832,7872,4136,4764,13103,16294
979,7250,4337,4728,13386,16279
1286,7252,4506,5018,12712,16277
688,7054,4490,5035,13332,16150
2112,7198,4739,5849,13364,16181
1170,5942,4514,5548,12944,16083
855,7284,4597,5236,12829,16176
771,7185,4241,4873,13562,16135
1058,7258,4401,4880,13358,16254
1302,7569,4488,4944,13189,15871
1056,7226,4612,4907,13158,16060
0,7109,4354,5353,13478,15911
1303,7434,4470,5302,11839,16272
1278,7450,4599,5087,13271,15901
968,7639,4638,5250,13695,16043
1141,8703,4034,4720,13513,16292
1385,7662,4728,5231,13275,16055
1688,7224,3729,4932,13338,16403
1227,6789,4422,4975,13220,16098
1122,7058,4363,4903,13510,16096
1102,7333,4540,5179,13481,15876
823,6751,4281,4792,13650,16405
706,6946,4524,4775,13073,16288
841,8120,4141,4839,13920,16320
1096,7221,4339,5009,13157,16350
1366,7145,4695,5266,13879,15800
0,7318,4491,5056,13376,16277
1305,7601,4728,5352,13077,15906
511,7394,5249,5366,12799,15698
1967,7567,4149,4744,13120,16249
1140,6908,4121,5010,13465,16114
1109,7628,4710,5210,12913,15012
1216,7382,4597,4977,13050,14996
1173,6953,4416,5221,12952,15938
1332,7378,4688,5330,13181,16053
2418,7188,4145,4816,13033,16429
1163,7435,4819,5154,13825,16070
1211,7198,4521,4930,13507,16648
849,7032,4474,5092,13645,16238
553,6811,4612,5530,13201,15921
754,7057,4485,5241,13096,16176
1271,6668,4423,5252,12978,15960
1044,7212,4504,5184,13352,16056
991,7258,4413,5008,13472,16562
714,7129,4433,4884,13177,16539
869,7332,3401,4920,12681,15136
1094,7318,4369,4703,13542,16499
1052,7089,4299,5082,12878,16076
1064,7450,4257,4894,13061,16089
1406,7545,4607,5089,13914,16130
970,7484,4448,5272,13252,16895
988,7476,4769,5407,13166,16339
870,7293,3253,5080,13369,16129
1227,7405,4671,5329,12994,15915
743,7415,4016,5249,13234,16008
866,7327,4489,5316,13533,16082
1306,8104,4157,4928,13246,16270
793,7669,4273,4291,13208,16406
1172,7679,4607,4980,13236,15836
1315,7468,4813,5419,13191,16678
865,6988,4052,4823,13174,16295
1385,6406,4512,5595,13130,15901
956,6750,4232,4729,14126,16298
888,7746,4116,4904,12949,16133
1138,7432,4530,5322,13225,15975
1046,8294,3872,4649,13340,16316
1252,7516,4534,5125,12937,15873
1340,7541,4545,5243,13448,16341
1377,7352,4837,5469,13327,15762
945,7303,4419,5048,13220,16462
1297,7209,5428,4659,13160,16344
1180,7227,4535,5276,13120,16064
1158,7519,4667,5282,13417,15630
820,7545,4256,4855,12998,16192
1224,7394,4044,4989,13474,16075
860,7171,4384,5001,13455,16214
485,7285,4471,5028,13452,15979
1365,7573,5091,5168,13336,16775
1345,6848,4056,4798,13495,16026
869,7293,4919,4814,12981,16313
1080,7146,4397,5088,13540,16192
1535,7624,3930,5016,13387,16039
858,7108,4038,4840,13343,16092
1268,7032,4212,4978,12924,16513
1103,7232,4469,4969,12960,16276
832,7256,4516,5058,13411,15268
717,7300,4357,5251,13574,15955
1177,7328,4287,4928,12980,15898
1127,7457,4586,5048,12850,15894
606,7459,4469,3979,13235,16016
1125,7582,3588,5240,13145,15470
912,7244,4628,5059,13107,16278
832,7539,4436,4720,13384,16464
1118,7186,4044,4607,13082,16290
1264,7442,4716,5045,13020,16228
943,7441,4607,5023,13362,15850
1424,7461,4311,5003,12996,16027
777,7174,4230,4946,12993,15733
404,7293,4388,5173,13024,15764
1247,7232,4575,5120,13577,16100
0,7105,4801,5651,13130,16218
1590,7193,4247,4837,13184,16468
1385,7547,4553,5170,13378,15861
984,6095,4323,5044,13173,16216
1445,6859,4665,5398,13241,15871
1309,7073,4100,4779,13528,16108
1119,7047,4525,5049,13908,16121
994,3314,4504,5031,12617,16286
1578,7249,5600,4033,13364,16394
1636,6990,4385,5209,13328,15790
1458,7733,4675,5268,13378,15800
1033,7222,3995,5631,13165,16437
948,7012,4265,4936,13055,16574
1248,7786,4602,5208,13172,15226
1373,7531,4685,5369,13350,15786
1261,7534,4750,4845,13240,15996
1107,7378,4631,5207,13103,16117
1198,7092,4205,4857,13045,16250
1197,7046,4792,4871,12848,16312
1134,6655,4547,5236,13316,16027
2069,6987,3706,5240,13384,16347
1077,7005,4207,4485,13725,16178
1119,7360,4221,4994,13532,16090
788,7012,4284,5075,13144,16150
740,7146,4251,4810,11152,15512
1197,7053,4209,4978,13077,16279
781,7378,4458,4733,13137,16492
1148,7248,4602,5338,13073,15733
1090,6818,4395,4980,13942,16115
1038,7124,4759,5080,13196,16156
1571,7570,4493,5311,13193,15686
1057,6070,4059,4947,13144,16314
1369,7282,4349,5386,12938,15972
79,7536,4607,5293,13064,16987
1144,7381,4471,5024,13549,16712
244,7004,4366,4904,13624,16497
968,6632,4309,5796,13041,16209
1098,7679,4388,5153,13653,15888
1296,7679,4607,5076,13092,15782
936,7129,3459,5047,12961,15950
813,7108,4721,4855,12363,16662
1444,7970,4600,5342,13248,15793
1152,8138,4659,4971,12961,16747
1233,7344,4820,5004,12198,16290
1100,6920,4388,5213,12897,16127
1098,7421,4445,4907,13163,16162
910,7015,5240,4698,11814,16441
965,7391,4463,5076,12840,15986
748,7210,4325,4955,13263,16057
536,7003,4206,4848,12772,16298
742,7679,4947,4782,13115,16872
1658,6944,4117,4963,13537,16154
427,7248,4311,4981,13155,16092
1535,7479,4572,5216,13231,15793
931,6886,4242,5062,13428,16174
1078,7234,4631,4607,12900,16953
1535,6903,4607,5176,12927,16517
1182,6920,4298,5210,13392,16126
1344,7878,4410,5202,13495,15945
1297,7499,4633,5221,13090,16326
1306,7401,3912,5294,13146,15871
234,7062,3338,4653,12948,15726
1304,7400,4552,5072,13285,16257
660,6966,4352,4902,12875,16292
1313,7240,4747,5521,13395,15936
1206,7229,4384,5196,12874,16022
969,7092,4472,5070,13423,16191
828,7733,4607,3989,13481,16107
1535,7711,4697,5512,13320,16083
510,7609,4694,5092,13275,16665
1714,7679,3697,4715,13207,16953
1330,7351,4180,4717,13155,16136
1169,7632,4645,5194,13243,15914
1576,7178,4981,4894,13075,16543
788,7274,4475,5941,13250,16157
1249,7320,4762,4955,12838,16236
1253,6906,4607,5432,13155,15768
1097,7233,4289,5272,13188,16279
1102,7574,4554,5092,12799,15952
716,7093,5074,4913,13239,16157
712,6602,3753,5142,12952,16143
1159,7337,4585,4801,13376,16243
1189,6996,4240,4912,13125,15932
816,7264,4335,5374,13049,16452
937,7216,4305,4889,13453,15954
939,7320,4112,5035,13315,16180
695,7228,4501,5001,12905,16308
511,7262,4277,5260,13088,16070
784,7076,4201,4924,13272,16338
898,7011,4378,4360,13744,16032
1292,6452,3601,5076,13080,16129
982,7528,4314,5050,12890,16436
1126,7242,642,5096,13158,16122
793,6978,4398,4974,13534,16261
1695,7708,4391,5009,12491,16303
893,7250,4765,5029,13067,16857
1520,7251,4353,5260,13533,15822
890,6918,4282,5093,13224,16102
511,7304,4465,4686,13493,16128
998,7286,3749,5352,13193,15716
547,8060,4152,4749,13023,16326
1290,7595,3843,5281,13388,16574
0,7821,4425,5528,12799,16384
1386,7144,4210,5081,12892,16052
656,7002,4102,5360,13542,16325
1105,7352,4440,5128,13327,16070
851,7216,4363,5631,12924,16513
1260,7192,4313,5304,13239,16257
1208,7275,5168,5630,14359,16412
1034,7434,4727,5332,12985,15898
975,7263,4535,4907,12315,16084
1216,7533,4607,5157,13185,16036
1341,7683,4511,4561,13397,16096
1529,7420,4716,5442,13246,15781
1261,7493,4420,5017,13073,16104
1247,7591,3686,5370,13174,15592
979,7118,4277,4969,12835,15491
1345,7312,4420,5272,13070,15954
1119,6672,4264,5154,13038,16427
825,7329,3944,4607,13338,16393
1081,6778,3930,4955,14020,16189
958,7669,4291,4628,13229,16495
0,7342,4401,5232,13016,15042
1181,7453,4818,5377,13196,16493
1356,7244,4580,5047,13501,16104
1109,7433,4716,5216,13028,15952
1361,7320,4678,5994,13252,16300
885,7181,4607,4972,13138,15947
1288,7336,4928,5135,13804,16228
1176,7669,4312,5046,13531,15888
928,7456,4260,5320,12024,16820
685,7985,4104,4708,13086,15175
250,7279,4279,4848,13514,16108
908,7200,4733,5150,12945,16192
1404,7423,4303,5319,13230,16578
1771,7764,4384,4910,12690,16238
792,7115,3466,5035,13235,16211
1227,7514,4898,5236,12694,16045
1211,7427,3101,5097,13018,16040
988,7074,4274,5290,12949,16267
1267,7041,5221,4660,12332,16531
869,7146,4480,4810,11853,16392
730,7820,4182,4821,13251,16228
582,7132,3472,4899,12997,16432
1132,7336,4154,4889,12989,16126
692,7258,4496,5330,12991,15945
1229,8067,4488,5282,13867,15908
1098,7355,4537,5319,13099,15871
1691,6929,5324,4594,13164,16464
1246,7574,4858,4817,13439,15938
1073,7273,4408,4939,13229,16267
743,7051,4032,4751,13120,16280
1168,7076,4209,5081,13555,15821
1172,7523,4181,4820,13468,15861
1105,7112,4250,4954,13251,16050
804,7314,4446,4968,13265,16074
1047,5857,4132,4961,13445,16255
1262,7020,4839,5323,13070,16278
964,7274,3528,5335,13187,15720
852,7020,4311,5029,13465,16118
1029,7038,4452,4984,13709,16241
1112,6452,4368,5078,12892,16026
1209,7320,4562,5356,13601,16099
1525,7252,4139,5171,13057,15920
858,7316,4457,4977,12993,16221
1026,7765,4192,5164,12916,15938
1384,7543,4557,5126,13607,16020
1562,7134,4229,4986,13087,16026
681,7568,4669,4750,12312,16404
902,7467,4115,4863,13314,16249
1188,7324,4876,5364,13486,16305
812,7298,3299,4902,12995,16028
1226,7608,4521,5216,13152,15960
1038,7083,4233,4916,12062,16330
1435,6965,4146,5033,13323,16178
1269,7065,4376,5184,13047,16135
128,7208,4549,5128,13153,16126
1332,7417,5024,5344,13140,15958
1106,7432,5082,4949,13092,16488
908,7246,4618,5380,13674,15899
1140,7271,4347,4840,13236,16470
1466,6616,4568,5415,13218,15858
1154,7368,3948,4813,13605,16069
680,6951,4464,5011,13391,16394
1092,7852,4285,5099,13122,16006
817,7465,4749,5432,13169,16846
1420,7320,4496,5428,13480,15926
532,7344,4107,5256,13264,16196
1066,7593,4591,5128,12941,16125
1099,7190,4540,3723,13384,16168
782,7372,5000,4954,13147,16485
1077,7108,4886,5720,13054,16067
1115,6885,4349,4794,13620,16028
748,7446,4119,3978,13543,16337
778,7089,4345,5013,13217,16207
1092,7342,4274,4674,13445,16245
955,7465,4411,5124,12856,15870
1026,7072,4364,5074,13365,16208
778,7139,4264,4905,13061,16137
1282,7446,4736,4613,13413,15871
1056,6510,4473,5462,13446,16721
1120,7626,4301,5096,13476,15972
1037,6767,4286,5004,13488,16207
813,8569,3978,4894,13080,16206
398,7357,4477,5717,13228,16306
1049,7196,4607,5487,13520,15974
1175,7438,4677,5292,13355,16037
1032,7498,4374,4911,13079,16150
1793,7232,4306,4971,13149,16108
1164,6909,4224,5079,12619,16431
1090,7192,4137,4982,13201,16412
1313,7332,4742,5302,13445,15768
669,7324,4491,5436,13409,15965
1381,7527,4794,5309,13174,16037
1198,7356,4569,4912,13168,16289
1370,7452,4607,5380,13226,15871
1268,7248,4421,5048,13120,16145
814,7188,4808,4607,13458,16695
1168,7389,4494,5291,13280,16792
878,7320,4601,5196,13064,16165
1413,7630,4379,5133,13222,16040
1143,7392,4552,5174,13352,16174
1288,7560,5037,5218,12891,16026
874,6970,4176,4998,13382,16384
1139,7518,4644,4794,13181,16112
1143,7496,4731,5426,12117,15318
1403,7600,4375,5353,13129,15926
979,7341,4452,5498,13045,16252
1499,7142,4534,5017,13011,16569
1266,7208,4460,5126,13450,15813
873,7272,4148,4786,13451,16219
852,7588,4171,4850,13595,16189
1084,7172,4467,5165,13316,16172
932,7364,4512,5333,13157,14745
1316,7043,4352,4996,13657,15942
126,7354,4356,5469,12828,16099
1931,7568,4268,5059,13528,16025
843,6655,4038,4285,13503,16330
1206,7339,4545,5047,13610,16073
638,7065,3556,4910,13150,16212
1185,7605,4399,5197,13278,15789
1233,7372,4309,5212,12973,16084
650,7134,4266,4823,13054,15512
1241,7534,4943,5363,13222,15922
934,7283,4491,5040,13469,16077
802,7088,4591,4854,13460,16044
1039,7346,4744,5378,13208,15690
0,7028,4163,5278,13394,16166
1325,7448,4444,5039,12652,15905
882,7181,4572,4998,13015,16245
64,7441,4436,5193,13174,15944
1067,7241,4619,5281,13503,16095
778,6842,4354,4987,13223,16217
777,7010,3419,4908,13211,14982
1407,7353,4607,5318,13165,15741
740,7679,4353,5058,13099,16150
627,7337,4221,5018,13327,16097
1130,7556,4607,5302,12934,15871
1173,7412,4682,4936,12799,16058
909,7454,4588,5073,12705,16188
938,7387,4646,5020,13205,15905
886,7286,3488,4992,13108,16006
1228,7065,4699,5374,13317,16061
1535,7817,4316,5392,13138,15792
661,7256,4607,5205,13245,16510
789,7124,4180,5251,13022,15950
1784,7187,4546,5664,13413,15972
1160,7476,4603,5159,13248,16439
1216,7548,4245,4930,13074,16173
1214,6855,4164,4937,13460,16212
1000,7310,4516,5128,13708,16100
864,7008,2830,4968,13556,15544
978,7259,4235,5004,13591,15999
1119,6560,4108,4841,13439,17291
1401,7335,5210,4958,13706,16477
1033,6978,4099,4972,13157,16130
728,7232,4210,4932,13387,15972
1259,7086,3988,4866,13482,16200
872,7352,4322,4933,13411,16392
1810,7526,4607,5464,13488,15825
1102,7545,4512,5057,14151,16071
1239,7558,4668,5204,13175,15843
923,7515,4519,5325,15375,15794
1175,7207,4607,5384,13251,15892
832,7352,3947,4938,13150,16329
1136,7272,3875,4910,13514,16076
894,7232,3596,4764,12968,16308
1392,7651,4753,5195,13366,16145
1030,7249,4607,4446,13905,15956
977,7212,4598,5362,13078,16422
1274,6095,4471,5349,13517,15436
975,7377,4430,5471,13186,15932
898,5785,3899,5250,13494,16196
1053,7300,4286,4882,13237,15900
677,7464,5097,5143,12084,16099
1300,7400,4462,4941,13333,15911
1089,7029,4278,4904,13497,15154
1032,7290,4262,5176,12975,15843
886,7492,4488,5044,12696,15799
1061,7357,4466,5548,13109,16421
1371,7306,4600,4985,13387,15912
1400,7610,4526,5248,13058,15892
865,6948,3223,4827,13439,15276
1462,7698,4572,5228,13025,16418
1099,7319,4598,5255,13606,15991
912,7208,4375,4902,13218,16684
1296,7552,4746,5283,13043,15872
896,7071,4336,4919,13426,16119
1298,7083,4669,5418,13342,15871
1271,6604,5082,5476,13260,15903
1277,7818,4583,5002,13121,16018
1141,7192,4103,5328,13271,16040
705,7235,4736,5443,13838,16018
1106,7068,4424,4844,12799,16297
1190,7144,4504,5207,13576,16169
73,7416,4045,5169,12627,16056
934,6984,4607,4607,12495,16554
1279,7104,4589,5277,13403,16053
865,7377,4533,5168,13256,16039
834,7112,4514,5236,13216,15871
661,7263,4398,5579,13552,16031
1288,6986,4200,5078,13422,16070
1464,7472,4620,5329,13086,15788
1246,7620,4642,5668,13272,16267
856,7281,4213,4974,12934,16182
855,7236,4275,5246,13252,16285
836,6895,4273,5069,13368,16220
1322,7068,4397,5198,13340,15382
1117,7309,4377,4973,13407,15250
847,7292,4426,5089,13321,16056
1277,7679,4909,5080,13459,16206
1240,7278,4753,5238,13073,15892
1313,6845,4278,4695,13329,16294
1220,7544,4607,5244,13019,16108
970,7525,4147,5204,13049,15772
923,6763,4202,5188,13274,16305
930,7131,4690,5091,13281,16113
1156,7442,4536,5094,13388,15714
1434,7595,5236,5217,12669,16006
1060,6914,4345,5280,13167,16311
1048,7658,4664,6771,13053,15920
708,7270,4759,5229,13274,16891
1088,6970,4229,4184,13466,16245
1452,7594,4787,5259,12976,16020
676,6870,4229,4388,13334,16219
509,6976,4897,4457,13276,16584
1528,7338,4617,4954,13199,16006
861,6937,4236,4828,13329,16417
1268,5524,4610,5507,13197,15853
1458,6964,4425,5383,12799,16327
1172,7360,4385,4839,13201,16761
969,7368,3954,5384,13172,16008
1216,8019,3994,4956,13132,16140
1276,7296,4114,5430,13195,16561
329,7104,4251,4805,13606,16311
1148,7344,4140,4880,12226,16114
1282,7478,5001,5220,14263,16524
945,7114,4600,5381,14120,16119
1334,7679,4339,5125,13183,15654
1190,7203,4356,5166,12965,16235
1244,7661,4232,4996,12995,16007
1432,7432,4750,5296,13248,16557
2496,7092,5439,4928,13405,16800
1032,7060,4805,4884,13322,16320
1061,7450,4523,5188,12967,16044
1397,7287,4516,5260,13432,17156
784,7638,4309,5225,13018,15936
924,7043,5003,4916,13086,16387
768,7106,4336,4909,13341,15734
968,6949,4245,5012,13482,16069
1405,7939,4874,5192,13177,16260
1081,7366,4505,5528,13431,15987
1239,7277,4265,5032,13528,15871
1052,7216,4496,5020,12865,16170
1106,6952,4046,4804,13088,16356
1224,7201,4785,5357,13811,15696
943,7118,3821,5361,13145,15531
1204,7122,4557,5386,13211,15962
720,7090,3617,5427,13442,15970
862,6888,4327,4928,13376,16405
1284,7126,4440,5192,13284,16895
1508,7629,4644,5088,13422,15950
892,6746,4276,4920,13508,16345
1390,6914,4680,5579,13284,15816
1629,7391,4419,4748,13220,16289
1088,7339,4494,4972,13495,16355
1302,7069,4583,5508,13198,16556
548,6870,4044,4898,13049,15321
857,7273,4560,5144,13572,16177
1048,7400,4376,5374,13226,15984
795,7524,4607,5633,13019,16016
953,7656,4706,5426,13199,15793
1131,7432,4955,5889,13143,16287
1060,7137,4147,4815,12334,16182
693,6897,4441,5040,13323,16279
1345,7346,4607,4821,13025,16177
1377,7582,4752,5476,13154,15847
1039,7015,4274,5177,13505,16001
985,7172,4306,5033,13447,16635
954,7009,4952,4949,13399,16640
1972,7540,4511,5311,13235,15788
1439,7627,4802,5289,13349,16304
938,7061,4270,5008,13026,15997
1121,7278,4472,4838,13504,15290
765,6872,4270,4930,13325,16300
842,7712,4266,4856,13244,16129
1138,6308,3916,5354,13419,16011
1248,7126,4856,5298,13159,16731
1294,6840,4402,4453,13136,16225
612,6932,4011,4842,13408,16168
1309,7466,4703,5357,13131,15793
937,7274,4625,5008,13366,16117
1133,7498,4309,5065,13530,16316
963,6690,3879,4644,13615,16264
2141,7608,4536,5316,13332,16083
848,7027,3967,4866,13364,16324
1752,7269,4397,5668,13193,15435
1065,7266,4415,4986,13475,15329
1271,7679,4497,5245,13284,16089
1037,7176,4409,4949,13640,15973
712,7218,4769,5304,13337,15871
1117,7396,4642,4536,13383,15942
1440,6959,3931,4015,13289,16397
846,7277,4537,5560,13167,16096
972,7200,4790,4720,13218,16550
1192,7544,4585,5208,12806,16152
1275,8106,4415,5203,12971,16056
1421,7083,4929,4714,13273,16099
567,7089,4607,5313,13177,16632
1221,7812,4566,5347,13125,15716
1158,6583,4566,5485,13040,15760
839,7096,4680,4550,13661,15901
1191,7186,4506,5184,13237,16556
1228,6568,4119,4946,13487,16144
469,7856,3954,5180,13368,16313
1240,7528,4635,5237,13229,15934
977,7208,4607,5247,13402,16197
554,7283,4482,5048,13385,16093
1857,7600,4108,4867,13358,16279
1313,7340,4417,5048,13523,16140
693,7390,4285,5050,12917,16192
1042,7376,4269,4997,13428,15952
1261,6948,4339,4936,13499,16128
1081,7225,4773,4886,12501,16181
1069,7269,4349,5232,13477,16082
1274,7736,4296,5210,12992,15947
892,6290,4461,5517,12844,16077
567,7515,4576,4907,13086,16181
1378,7248,4561,5493,13974,16603
758,7505,4249,4994,13195,16316
1235,7504,4593,5312,13166,15821
985,7232,4467,4980,13502,15993
1164,7282,4404,5236,12914,16440
850,7326,4542,4504,13463,16127
1300,6655,4607,5552,13288,15859
1093,6977,4197,4818,13291,16298
1389,7200,4241,5072,13218,16144
1164,7480,4632,4380,13252,15880
896,7134,4361,5028,13256,16014
1140,7311,4548,5037,13460,16006
1164,7679,4238,5076,13534,15915
911,10508,4625,5382,13221,15860
1162,7679,4311,5187,13470,15893
512,6173,4347,5036,12799,16031
901,7171,4984,5294,13090,15699
728,6885,4350,5040,13438,16271
1345,7584,4697,5347,12984,16010
731,7043,4394,5005,12799,16189
1511,6786,4625,4948,13335,15867
1461,7560,4675,6072,13441,15853
1328,7474,4793,5431,13528,15936
1334,7672,4690,4999,13354,14847
968,6301,4283,5342,13575,16058
1115,7234,4184,5064,13249,15871
668,7002,4045,5264,13002,16048
876,7240,4853,4851,12799,16670
1468,7109,4424,5631,13186,16021
1113,4899,4230,4900,13440,16249
1034,7420,4344,5154,13502,15877
1220,7679,3978,5233,13152,15703
1535,7015,4436,5597,12997,16006
1282,7566,4233,5074,13420,15928
1133,7196,4516,4971,15008,16325
1541,7214,4712,4802,13264,17305
1173,6636,5267,5202,13263,16159
752,6978,4465,4835,12896,15994
2133,7138,5204,5315,13329,16272
112,7106,4308,4828,13168,16029
1337,7512,4838,5375,13229,15885
1181,7238,5447,5514,13171,16404
1318,6627,4726,5518,13054,15890
801,7831,4230,4787,13276,16174
1535,7384,4250,5171,13045,15947
1240,7498,3782,5274,13383,15840
1344,8060,4605,5408,13154,15773
950,6976,4283,5729,13140,16264
1249,7562,4407,5270,12960,15973
695,6831,4190,4857,13483,16269
1161,7400,4636,5072,12779,16226
1159,7531,4176,5024,13260,16154
1090,7048,3889,4744,13842,16328
1216,7540,4642,5157,13333,15712
869,6780,3997,4809,13129,16276
1528,7533,4653,5347,13816,15871
927,7489,4109,5000,12849,16093
1068,7467,4275,5044,13038,16308
1397,6091,4528,5333,13181,15870
2584,7072,4607,4841,12929,16610
928,7546,4551,5213,13006,15912
965,7234,4162,5236,13382,15978
964,7765,4696,5188,13080,16022
1098,7377,4357,4938,13597,16153
1144,7540,4682,4939,12799,15610
1103,7274,4367,4915,12960,15266
1360,7360,4521,5168,13412,16263
1237,7449,4477,5205,11665,15952
2156,7398,4490,5030,13335,16307
1260,7752,4607,5247,13231,15725
1088,7667,4328,5341,13204,15834
1352,7316,4520,4630,13361,16035
1381,7925,4474,5232,13680,15931
1058,7316,4416,5226,13041,16071
1369,6609,4484,5474,13196,15882
909,7084,4607,5414,13624,16592
1166,6773,4338,5128,13068,15981
816,7008,4589,4842,13018,16279
861,7223,3677,5074,13175,15991
1433,7508,4950,5258,13216,15868
1395,7256,3768,5149,13218,15869
1530,7464,4715,5783,13036,15690
793,7126,4452,4824,13693,16031
1147,7196,4600,4544,13458,16082
972,7047,4400,4904,13281,19218
721,7703,3404,4800,13142,15864
1035,7399,4367,5484,12971,16044
1345,7264,4219,5320,13938,16639
893,7247,4571,4903,13236,16017
1341,7644,4590,5374,15449,15800
1091,7181,4434,6365,13152,16141
1410,7236,4417,5274,13526,16525
1454,7351,4768,5174,13600,15716
1250,7424,4607,5049,13256,15681
680,7109,3584,4952,13241,15621
1088,7284,4418,4957,13062,16434
1230,7142,4524,5160,13008,16037
1239,7671,4554,4429,13396,15974
1400,7591,5237,5248,12131,16108
1258,7421,4775,5341,13162,16028
993,6312,4293,5236,13484,16063
909,6738,4434,5157,13823,16175
273,7189,3922,4918,13314,16238
1437,7411,4576,5251,13783,15736
694,7220,4351,5210,13450,16035
1145,7469,5570,5184,13325,16246
1136,7173,4346,5127,13383,16036
1222,7824,4168,5043,13230,16066
1505,7444,4568,5386,13164,16029
857,6889,4448,3497,13913,16329
1093,7129,4421,4960,13592,15944
448,7607,4550,5068,13465,16062
1375,7220,4545,5261,12922,16100
986,7076,4521,5603,13038,15871
1040,6792,4256,4874,13090,16081
1442,7180,4268,5049,12904,16163
1312,7128,4514,4974,13394,16100
1448,7232,4424,5374,13338,15560
1366,7482,3947,4749,13252,16215
157,7551,4607,5656,13046,15981
364,7425,4518,5058,13269,16038
2147,7315,4411,5195,12896,15854
1253,7616,4259,5185,13044,16248
1244,7211,4564,5381,12885,16008
405,7328,4487,5192,12799,15871
869,6560,3953,4657,13282,16215
1090,7536,4708,5390,13051,15904
891,7248,4343,5234,13191,16020
1377,7010,4405,4025,13677,16251
1296,6900,4597,5189,13320,15955
914,7194,4167,4906,13464,16039
874,7063,4335,4786,13561,15797
2270,7241,4612,5209,13432,15832
810,6942,3862,4973,13195,16226
899,7136,4360,5279,12846,15974
1088,7172,4541,4992,13208,16067
674,7391,4665,5373,13329,16268
897,7066,4376,5040,13428,16290
1151,6928,5445,5086,13052,16437
937,7022,5361,5880,13023,16421
1866,7824,3906,4820,13225,16266
1466,7255,4721,5238,13363,15804
1056,6655,4341,5199,13429,16157
875,7415,4376,4782,13082,16143
1060,7252,4396,5035,13241,16036
1030,7241,4444,5084,13395,16047
470,6800,4245,4436,13487,16201
326,7573,4712,5337,14161,15740
1216,7541,4700,5356,13128,14696
1111,7285,4471,5043,13150,16401
1069,7249,4525,4772,13263,15949
1061,7280,4304,5308,13082,17517
952,7095,4112,4837,12971,16720
537,7772,4351,3866,13160,16231
873,6948,4428,5076,13764,16261
1535,6775,4133,4987,13132,16510
858,7449,4180,5140,12989,15471
1204,6305,4306,5231,14079,16065
682,7021,4475,5131,13552,16044
1097,7189,5174,4939,13177,16951
805,7368,4119,4921,13451,16043
1306,7387,4829,5282,13061,16587
1098,7338,4607,4599,13923,15866
764,7505,4324,5039,12923,16070
902,7552,4456,5166,13050,15981
1216,7563,4578,5229,13914,15871
1332,7345,4426,5024,13509,15871
561,7031,3959,4757,12812,16266
1036,7212,4175,5045,13217,16248
826,6842,4206,3714,13576,16095
754,7480,4549,5211,12961,15977
1419,7329,4496,5193,13323,15638
1404,7612,4666,5267,13313,15816
1058,7100,4269,5073,13479,16089
1198,7320,3997,4929,13360,16291
1551,7073,3994,4899,13205,16244
763,7404,4575,5403,13431,16096
1420,7131,4612,5760,13279,16315
1135,7254,3326,5234,13224,16212
905,7032,4570,4855,12724,16584
720,7694,4635,4770,13489,15493
1355,7305,5072,5301,12915,17651
824,6848,4337,5012,14144,16163
1060,7121,4262,4897,13152,16838
1210,7013,4316,4832,13023,16044
953,6902,3492,4897,13072,15830
1236,7461,4696,5068,12487,16287
1164,7545,4336,5140,13490,15964
0,7174,4190,5198,13333,16298
520,7146,4234,4976,13344,16450
2352,7504,4532,5137,13512,15900
768,7189,4762,5257,12948,16077
960,7123,4375,5022,13260,16151
718,6786,4287,4260,13565,16253
667,7090,4136,5305,13201,16454
1176,7466,4599,5138,12328,16084
610,7021,3949,4959,13213,15149
1143,7511,4792,5400,13120,15945
1516,7401,4384,5261,12970,16017
1059,7363,4234,4900,13065,16145
1237,7405,4311,4871,13640,15957
714,7090,4619,5230,13326,16015
700,6962,4720,4888,13463,15643
1345,7420,4646,5283,13256,16488
1192,7241,4461,4524,13496,15979
1307,7520,4806,5633,13111,15864
311,7048,4164,5023,13427,15947
862,7326,3400,5305,13053,15738
1208,7565,4816,5365,13163,15210
1456,7626,4640,5187,13114,16054
1381,7679,4438,5451,13375,16109
1506,7970,3659,7098,13251,15871
1134,7472,5056,5001,12352,16351
1163,7402,3420,5158,13108,15703
1280,6899,5256,5366,13386,16259
1907,7384,4341,5174,12968,15871
1219,7141,4472,5408,13866,15861
924,7425,4353,5164,13048,15871
1348,7586,4176,5373,13430,16189
1061,7315,4335,5161,12899,16385
1344,8047,4529,5295,14012,15852
1141,7285,4869,5142,13278,16850
894,7405,4580,5328,13279,15725
1128,7516,4281,4902,13094,16153
1872,7660,3828,4721,13269,16299
3208,7195,4528,4814,13466,15878
2175,6905,4179,5274,13488,15781
528,7592,3591,4800,12972,16591
1070,7808,4531,4886,13653,16106
1200,7774,4388,5049,13494,15756
1027,7425,4305,4827,13234,16260
1302,7374,5204,5138,12839,16093
1452,7768,4647,5390,13235,16342
1251,6761,4617,5177,12156,16076
1370,7594,4720,5297,13271,15943
649,7605,4115,4906,13328,16384
917,6896,4245,5249,11775,16483
985,7510,3448,5043,12771,16266
1134,7280,4597,5473,12977,16058
968,7078,3355,5168,13062,16290
264,7466,4532,5005,13044,16164
1202,7366,4047,4958,13387,16057
1438,7204,4279,5429,13415,16127
1380,6482,4516,5259,12956,16016
1140,7200,3608,5047,13018,16464
1348,7336,4446,5228,12948,15730
1177,6959,4543,4962,12170,13291
828,7226,4464,5126,13560,16115
802,6930,4198,4878,13404,16563
1290,8159,4515,5304,13018,15730
901,7352,4582,5572,12998,15890
1145,7355,4621,5210,13146,16005
1030,7312,5029,5142,12184,16213
1283,7263,4475,4990,13559,16185
1175,6838,4450,4944,13219,16512
977,7045,4596,5072,13760,16292
1564,6993,4256,5534,13124,16289
802,7071,4802,4663,12041,16579
885,7256,4610,4874,12804,16032
875,7179,4320,5794,13279,16060
1096,7069,4324,4898,13400,16074
932,6891,4170,4730,13564,16209
858,6751,3668,4648,13548,17235
0,7848,4602,5046,12975,16453
962,6789,4160,5988,13022,16357
864,7046,4292,4884,13512,16082
1187,7262,4292,4961,12954,16289
443,7872,4150,5607,13159,16320
1106,7454,4377,5288,12981,15923
1033,7279,4689,5371,13425,16007
1238,7214,4622,5264,13501,16108
1449,7564,4465,5313,13105,15705
1401,7619,4625,5051,13351,15892
1142,6938,4307,4781,13567,16249
1146,7232,5060,5045,13524,16490
921,7021,4253,5008,13396,16202
1184,7632,3931,4810,13489,16165
1294,6913,4635,5187,13225,15871
1294,7462,4597,4916,13133,15894
1224,7409,4490,4923,12912,16047
1197,7240,4739,5316,13099,15961
1417,8061,4689,5380,13157,15855
1251,7564,4581,5496,13078,16439
1436,7136,4358,5464,13165,16082
1304,7553,4192,5138,13172,15416
877,7136,4436,5298,12816,16148
950,7201,4339,4953,13419,16117
1133,6917,4763,4796,13617,16992
1345,7498,4596,5068,13332,15448
638,7392,4329,5017,13124,16393
667,7300,4044,4970,12871,16248
1407,7282,4664,5399,13141,15871
946,7024,4191,4992,13240,16128
552,7628,4420,5384,13234,15802
1282,6969,4409,4905,12934,16253
1191,7021,4607,5819,12662,16450
827,7088,4260,4847,13565,16279
779,7253,3880,4821,13077,16171
1245,7570,4604,5132,13462,16054
1173,7490,3593,5162,13120,15891
924,7240,4323,4840,13489,15877
1459,7018,4680,5064,12084,16899
1278,7240,4044,4818,13069,16658
1287,7436,4589,5367,13153,16065
1034,7491,3614,5184,13484,15408
1108,6655,3978,4851,13491,16144
1154,8170,4500,5364,13054,15784
1209,7556,4361,4734,13016,15979
982,7241,3928,5136,13165,16062
1237,7316,4594,4519,13948,15903
1344,7408,4546,5146,13213,16037
1628,7175,4525,4840,12318,16777
1581,7644,4436,5170,13530,16052
1031,7232,4023,5136,13018,16215
916,7107,4200,4818,13270,15696
960,7522,4438,5293,12469,16463
1058,7525,4364,4967,13024,15925
983,7256,4607,5082,13061,16353
1370,7077,5272,5858,13127,16850
709,7240,4385,5022,12836,16249
869,7316,4459,5192,12862,15890
1366,7074,4465,5091,13364,15871
1689,7086,4550,4570,13402,16085
1262,7031,511,4759,13458,16071
837,6872,4184,4850,12667,16000
807,6905,4439,5072,13994,16160
1297,7187,4482,4975,13609,16158
1073,7243,4461,4990,13066,16440
620,7840,3886,4859,13044,15815
1307,7307,4351,6160,12596,16192
393,7015,4384,4952,12801,16321
653,6967,4296,4941,13209,16329
1058,7269,5196,4916,13160,16950
748,7347,4595,5325,13209,15783
698,7013,4373,4912,13153,16341
1108,7482,4583,5184,12799,15044
1349,7337,4848,5408,13425,16889
986,7057,4148,5126,13468,16114
1063,5824,4256,4984,13530,16153
1190,7384,4512,5050,13812,15810
1088,7066,4595,4928,13494,16163
1053,7356,4626,5220,12948,16020
549,6884,4153,4756,13519,16238
808,7098,4383,5040,13193,15936
1205,7302,4652,5336,13038,16056
1185,7008,4387,4828,13287,16234
1134,7566,4170,4950,13117,16116
891,7285,4232,4956,12973,16175
970,6989,4443,4831,13551,16553
996,6907,4356,4903,13425,15741
1160,7621,3758,5406,13149,16808
1313,7353,4493,4546,13458,15892
988,7036,4522,5039,13360,15856
1977,7448,4505,5271,13958,15916
678,7861,4128,4812,13241,16249
1229,7488,4358,5008,13010,15876
832,7342,4539,5049,12534,15961
729,7088,4242,5289,13328,16139
659,7034,4616,5139,12855,17284
924,7257,4607,5170,13243,16069
837,7028,4349,4897,12962,16427
1038,7131,4281,4709,13171,16489
664,7260,4388,4920,13100,16076
901,7207,4133,5186,13547,16245
1109,7691,4376,5079,12946,16009
0,7012,4368,4688,13071,16441
929,7256,4713,4841,11775,16566
1067,7244,4517,4878,13239,16044
1357,7488,4493,5361,13122,15704
95,6836,4117,5296,13201,16064
792,6964,4331,4514,13788,16134
1157,7536,4568,5153,12820,15986
1385,7556,4631,5341,13324,15703
0,7863,4448,4712,13028,15868
984,7098,4392,4469,13338,16331
2177,7118,4688,4322,13387,16481
1803,7107,5140,4881,11947,16852
1208,7063,4408,5125,12880,15832
1156,7494,4515,5258,13151,16036
900,6850,4178,4210,13755,16281
1060,6515,4446,5364,13076,15932
764,7264,4352,4982,13253,15822
1714,6906,4607,4607,13128,15929
981,7012,4744,4867,13416,16331
1825,7264,4607,5244,12814,16194
1145,7272,4632,5229,13922,16109
1292,7381,4255,5196,13016,15897
511,7079,4867,5284,13263,15852
1500,7407,4601,5346,12999,16002
0,7094,4360,4969,13383,16145
1354,6984,4261,5070,12970,16292
1251,7549,4596,5041,14088,15996
723,7094,4716,4957,13348,16288
742,6895,3815,4786,13222,16179
1173,7111,4680,5444,13192,17129
733,6952,4330,4933,13319,16265
547,7120,4373,4943,14092,16197
1216,7040,4508,5329,13005,15860
944,7458,4527,4766,12991,15958
812,6924,4744,4838,12305,16568
925,7172,4412,4970,13524,16176
309,7106,3968,4768,13469,16346
1113,7384,4038,4793,12709,16108
2219,7496,4607,4606,13280,16198
1088,7557,4484,5306,13057,16002
1147,7139,5363,4811,13397,16349
692,6702,4240,4913,12927,15740
1054,7221,3977,4930,13266,16025
857,7076,4470,4605,12736,16124
1122,7381,4518,5238,13279,16067
1886,7256,4317,5193,13203,16809
776,6914,4446,5388,13696,16414
1260,7001,3836,5332,12799,15791
1535,6853,4937,4644,13224,16466
962,7255,5150,5197,13235,16270
1344,6655,4619,5586,13164,15845
968,7324,4462,4880,12954,15470
1237,7451,5547,5251,13182,16422
908,7346,4456,5778,13069,15916
1264,7460,4651,5093,13086,16875
619,7320,3780,4857,13286,15888
840,7098,4145,4940,13460,16016
741,6962,3748,3661,13356,16184
1082,6944,4777,5280,13183,15903
1410,7431,4482,5240,13127,15954
1169,7389,4254,4809,12832,16152
943,7042,4534,4904,13239,16280
1448,7206,4542,5253,13888,15943
925,7402,4604,5046,12745,15967
1472,7515,4641,4692,13196,15953
753,8442,4298,4824,13428,16140
933,6987,4707,4341,12900,16684
712,7769,4355,4854,13055,16150
1491,6967,4288,5159,13207,15946
1120,7290,4552,5042,13584,16001
1134,7136,4045,5068,13082,16212
1244,7489,4320,5563,13623,15845
1164,7459,4677,5326,13512,16072
1227,6994,4827,5296,13239,16324
1296,7035,4776,5308,13194,15881
1493,7059,4252,5160,13475,15874
468,8228,3218,4987,13244,15319
494,7948,4489,4900,13362,16291
0,7121,4538,5304,13737,15871
1083,7282,4669,5170,13884,15871
889,6989,4204,5250,13543,16118
784,6520,2969,4721,13172,15809
1066,7366,4280,5077,13011,15777
1200,7300,4708,5217,13233,15933
576,6995,3583,4993,13480,16123
1099,7120,4410,5004,13088,16145
1332,6758,4870,5371,13080,16192
1308,7675,4648,5208,13278,15801
1113,7060,4502,4991,13270,15998
1255,7322,5680,5287,12816,15896
1856,6976,4607,5288,13348,15784
1426,7453,4508,5381,13044,15748
418,7570,4317,5700,13265,15879
396,7369,4383,4808,13477,16184
1065,7532,4626,5132,12895,15479
877,5710,4005,5073,13523,16256
1256,7775,4206,4961,13175,16285
1069,6218,4192,5664,13354,16297
1719,7891,4650,4754,13225,16220
787,6956,4012,5408,13558,16160
1296,7434,4607,4974,13504,15940
1601,7438,4506,4607,13521,16466
1372,7339,4352,5049,13015,16124
914,7084,4182,4880,13562,16235
993,7324,4261,5168,13465,16130
865,6930,4200,5060,13016,14640
1319,7205,4761,5204,12551,15953
845,8541,4034,4841,13483,16108
64,7004,4607,5368,13212,16121
1415,6997,4186,5010,13478,15956
1051,6885,4399,5027,13691,15950
1534,5941,4312,5033,13464,16155
865,7170,4468,5081,13504,16138
764,7050,4607,4539,13056,16142
1404,7455,4500,4973,13823,16094
925,7330,4474,5172,12755,16080
901,7176,4952,5292,13078,15786
249,7430,4624,4738,12919,15882
1336,7451,5174,4940,13747,16135
1113,7381,4344,4636,13688,16284
986,6867,4470,4917,13513,16239
1754,7496,4607,5346,13100,15871
1218,7402,4607,5061,13264,15900
896,7014,4429,4997,13224,16300
1568,7922,4280,5240,13043,15859
1580,7413,4752,4535,13360,16324
1158,7639,4292,4607,13495,16177
824,7120,5049,5364,13437,16080
1032,7533,4047,4760,12962,16432
881,7021,4349,4933,13367,16344
857,6855,4426,6028,12992,16410
1367,7564,4607,5640,13380,15782
925,7430,4299,5144,13007,15909
926,7394,4513,4964,12916,16364
649,6953,4106,4884,13210,15844
878,6997,4260,5025,12783,16324
1343,7512,4367,5142,13136,15921
476,7361,4391,5134,13354,15932
1216,6970,4036,4783,13339,16304
1228,6212,4543,5482,13207,15858
1255,7344,4576,5401,13234,16529
798,6698,4190,4982,13404,16287
1218,7534,4582,5973,13205,16302
624,7883,4968,4738,13080,16294
1152,7119,4424,5324,12062,16628
1048,6783,4019,4921,13217,16215
1025,6217,3600,5345,13091,15871
1207,7289,4607,4733,14272,16001
0,7221,3583,4652,13236,16426
1344,7219,4455,4978,12877,16228
1134,7509,4668,5314,13005,15289
1201,7703,4352,5012,13426,15880
1198,7306,4811,5443,13245,15856
1126,7064,4341,4640,13968,16588
1766,7100,4147,5145,12937,15960
1405,8088,4488,5255,13169,15871
812,6862,3966,4738,13560,16328
332,7116,4247,5245,13389,16700
1176,7435,5176,5059,13483,16206
972,6928,4180,4935,12920,15532
1212,6906,4495,5254,13037,15898
779,7492,4405,4783,12614,16512
738,7123,4364,5150,13148,16192
688,6986,4228,4832,13040,15950
1027,7288,4128,4607,13377,17063
1128,7128,4407,4700,13453,16744
935,6818,4340,5156,13125,16184
730,7744,4185,4862,13113,16005
939,7060,4639,5193,13428,16028
1324,7242,4416,5348,13253,16538
977,7336,4521,5296,13355,16076
999,6989,4377,5272,12988,16234
1391,7573,4774,5212,13014,15949
1226,7698,4672,5241,13401,16443
1045,7248,4696,4803,13608,15954
1300,7338,4762,5039,12931,15997
1095,6337,4421,5633,13711,16007
948,7090,4587,5087,12982,16734
734,7031,4505,4983,13314,16323
1162,7305,4443,5066,15075,15984
1319,7476,4607,5152,13233,15871
696,7032,3689,4762,13139,16368
732,7413,4468,5198,13117,15910
756,6578,4100,4940,13312,16272
821,7251,4396,5022,13280,16300
1000,7128,4173,4979,13382,16119
395,7528,4675,5304,13227,15674
1229,7512,4681,5270,13380,15931
1216,7232,4267,5129,13594,15944
1114,7446,4564,5425,13183,15755
352,7180,4214,5497,13518,16052
900,6870,4281,4180,13508,16254
914,7169,4178,4861,13386,16282
1185,7390,4525,5014,13364,16033
1125,7089,4593,5285,13164,15734
832,7203,4374,5004,12364,16132
1184,7451,4428,5323,13129,15873
1986,7476,4560,5228,13316,16151
1637,7439,4471,5216,13073,15981
1199,7579,4267,5076,13722,15991
1370,7209,4283,5154,13440,15914
1356,7390,4917,5005,13316,15912
1069,7214,4456,5238,13259,13120
1080,7201,4477,5443,13259,16073
1143,7403,4522,5441,13446,16026
1535,6984,3936,4853,12968,16086
1271,7324,4360,4934,13063,16210
1367,7257,4460,5077,13328,16064
1109,7317,4932,5268,13336,16049
1200,7360,4764,4342,13282,15688
1344,7232,4426,5122,13483,15787
1266,7273,5236,4727,13237,16645
511,6952,4226,4888,13349,16905
1114,6748,4297,4949,12782,16201
1529,7519,4321,5175,13234,15861
1306,6942,4292,5025,13361,16205
1246,7189,4382,4930,13126,16108
968,6949,3969,4960,13431,16202
980,6880,4169,4826,13284,16308
1104,7462,4607,4426,13156,15942
1211,7134,4240,5225,13328,16012
880,7318,4385,4901,12925,15912
1203,7178,4400,4870,12638,16310
1128,7144,4558,4474,13468,15888
960,7334,4341,5080,13354,15952
1329,7591,4438,5126,13200,15869
1093,7679,4393,4958,13110,16054
1325,6820,4506,5374,12840,16008
976,7275,4653,5077,12740,16159
2326,7072,4656,4586,13194,16473
817,7202,3688,5072,13394,15808
839,6943,4453,5004,13360,16125
846,6554,4336,5260,13448,16165
1033,7278,3338,4988,12994,15876
684,7284,4352,5551,12885,16260
1088,7192,3366,4992,12965,16268
1411,7355,4752,5232,13378,15861
1211,7144,4455,5048,13492,16156
973,7306,3870,4994,12853,15871
866,7369,4466,5016,13015,16387
1291,7672,4759,5253,13001,16005
1089,7382,4331,5033,12976,16219
394,7099,4272,4933,13538,16038
1033,6832,4130,4988,13365,16116
806,7419,4828,5136,13250,16108
1247,7265,4684,5226,13203,15871
866,7217,4462,5047,12899,16009
943,7708,4371,4678,13113,16457
1344,7062,4713,5398,13211,15818
649,8045,4225,4810,13501,15892
1216,7188,4286,5216,13211,15782
934,7239,4607,5133,12947,15816
1963,7137,4324,4918,12959,16325
1000,7528,4378,4921,13066,16042
693,6849,4350,4750,13221,16029
1076,7069,4236,5543,13439,15986
136,7179,4343,5199,13120,16455
720,6904,4319,5400,12910,16560
1174,6360,4292,5205,12799,16116
1481,6848,3986,5068,13424,16064
920,6088,4723,5374,13104,15831
979,7321,4263,5284,13129,16146
704,6857,4186,4800,13153,16093
767,6954,4364,5034,13334,16234
1154,7489,5277,5192,12432,15850
1903,7463,4449,5281,13005,16000
1392,7563,4603,5014,13336,15871
1121,7080,4244,5077,13339,16160
886,7009,4500,5197,13128,16247
